-- phpMyAdmin SQL Dump
-- version 4.6.4
-- https://www.phpmyadmin.net/
--
-- Host: fdb19.your-hosting.net
-- Generation Time: Jan 01, 2018 at 05:30 PM
-- Server version: 5.7.20-log
-- PHP Version: 5.5.38

SET SQL_MODE = "NO_AUTO_VALUE_ON_ZERO";
SET time_zone = "+00:00";


/*!40101 SET @OLD_CHARACTER_SET_CLIENT=@@CHARACTER_SET_CLIENT */;
/*!40101 SET @OLD_CHARACTER_SET_RESULTS=@@CHARACTER_SET_RESULTS */;
/*!40101 SET @OLD_COLLATION_CONNECTION=@@COLLATION_CONNECTION */;
/*!40101 SET NAMES utf8mb4 */;

--
-- Database: `2564343_mcb`
--

-- --------------------------------------------------------

--
-- Table structure for table `billing`
--

CREATE TABLE `billing` (
  `id` int(11) NOT NULL,
  `ref_no` varchar(20) NOT NULL,
  `start_date` date NOT NULL,
  `end_date` date NOT NULL,
  `company_id` int(11) NOT NULL,
  `amount` double NOT NULL,
  `billing_date` date NOT NULL,
  `date_created` date NOT NULL,
  `date_modified` date NOT NULL
) ENGINE=InnoDB DEFAULT CHARSET=latin1;

-- --------------------------------------------------------

--
-- Table structure for table `company`
--

CREATE TABLE `company` (
  `id` int(11) NOT NULL,
  `form_type` tinyint(4) NOT NULL,
  `name` varchar(1000) NOT NULL,
  `description` text NOT NULL,
  `address` text NOT NULL,
  `date_created` datetime NOT NULL,
  `date_modified` datetime NOT NULL
) ENGINE=InnoDB DEFAULT CHARSET=latin1;

--
-- Dumping data for table `company`
--

INSERT INTO `company` (`id`, `form_type`, `name`, `description`, `address`, `date_created`, `date_modified`) VALUES
(1, 1, 'Jomara Konstruckt Corporation		', '', 'Jomara Bldg., Poblacion Ward III,		\r\nMinglanilla, Cebu		\r\n', '2017-12-18 00:00:00', '2017-12-18 00:00:00'),
(8, 2, 'NATIDOME CORP. (FLATBID-HOLCIM)', '', 'Manticao, Misamis Oriental', '2017-12-30 15:21:18', '2017-12-30 15:21:18');

-- --------------------------------------------------------

--
-- Table structure for table `deductions`
--

CREATE TABLE `deductions` (
  `id` int(11) NOT NULL,
  `type` tinyint(4) NOT NULL DEFAULT '1',
  `truck_id` int(11) NOT NULL,
  `company_id` int(11) NOT NULL,
  `dwf` varchar(100) NOT NULL,
  `date` date NOT NULL,
  `liters` double NOT NULL,
  `rate` double NOT NULL,
  `amount` double NOT NULL,
  `date_created` datetime NOT NULL,
  `date_modified` datetime NOT NULL
) ENGINE=InnoDB DEFAULT CHARSET=latin1;

--
-- Dumping data for table `deductions`
--

INSERT INTO `deductions` (`id`, `type`, `truck_id`, `company_id`, `dwf`, `date`, `liters`, `rate`, `amount`, `date_created`, `date_modified`) VALUES
(1, 1, 1, 1, '2956', '2017-08-22', 100, 31.57, 3157, '2017-12-25 00:00:00', '2017-12-25 00:00:00'),
(2, 1, 2, 1, '2959', '2017-08-24', 100, 31.57, 3157, '2017-12-25 00:00:00', '2017-12-25 00:00:00'),
(3, 1, 2, 1, '', '2017-08-30', 100, 33.32, 3332, '2017-12-25 10:03:47', '2017-12-25 10:03:47'),
(4, 1, 3, 1, '', '2017-08-20', 100, 33.3, 3330, '2017-12-25 10:08:21', '2017-12-25 10:43:45'),
(5, 1, 3, 1, '', '2017-08-24', 100, 31.57, 3157, '2017-12-25 10:12:20', '2017-12-25 10:12:20'),
(6, 1, 3, 1, '', '2017-08-30', 100, 33.32, 3332, '2017-12-25 10:14:12', '2017-12-25 10:44:28');

-- --------------------------------------------------------

--
-- Table structure for table `deliveries`
--

CREATE TABLE `deliveries` (
  `id` int(11) NOT NULL,
  `form_type` tinyint(4) NOT NULL DEFAULT '1',
  `ticket_no` varchar(500) NOT NULL,
  `rate_per_cubic_meter` double NOT NULL,
  `rate_id` double NOT NULL,
  `capacity` double NOT NULL,
  `kilometers` double NOT NULL,
  `amount` double NOT NULL,
  `date` date NOT NULL,
  `truck_id` int(11) NOT NULL,
  `company_id` int(11) NOT NULL,
  `destination_id` int(11) NOT NULL,
  `shift_id` int(11) NOT NULL,
  `load_area_id` int(11) NOT NULL,
  `material_id` int(11) NOT NULL,
  `source_id` int(11) NOT NULL,
  `no_of_bags` int(11) NOT NULL,
  `flecon_bags` double NOT NULL,
  `no_of_trips` int(11) NOT NULL,
  `total` double NOT NULL,
  `date_created` datetime NOT NULL,
  `date_modified` datetime NOT NULL
) ENGINE=InnoDB DEFAULT CHARSET=latin1;

--
-- Dumping data for table `deliveries`
--

INSERT INTO `deliveries` (`id`, `form_type`, `ticket_no`, `rate_per_cubic_meter`, `rate_id`, `capacity`, `kilometers`, `amount`, `date`, `truck_id`, `company_id`, `destination_id`, `shift_id`, `load_area_id`, `material_id`, `source_id`, `no_of_bags`, `flecon_bags`, `no_of_trips`, `total`, `date_created`, `date_modified`) VALUES
(2, 1, '020893', 20, 0, 14, 2.5, 700, '2017-08-21', 1, 1, 0, 0, 0, 0, 0, 0, 0, 0, 0, '2017-12-23 10:32:27', '2017-12-23 10:32:27'),
(3, 1, '020899', 20, 0, 14, 2.5, 700, '2017-08-21', 1, 1, 0, 0, 0, 0, 0, 0, 0, 0, 0, '2017-12-23 11:09:45', '2017-12-23 11:09:45'),
(4, 1, '020907', 20, 0, 14, 2.5, 700, '2017-08-21', 1, 1, 0, 0, 0, 0, 0, 0, 0, 0, 0, '2017-12-23 11:33:44', '2017-12-23 11:33:44'),
(5, 1, '020909', 20, 0, 14, 2.5, 700, '2017-08-21', 1, 1, 0, 0, 0, 0, 0, 0, 0, 0, 0, '2017-12-23 11:38:55', '2017-12-23 11:38:55'),
(6, 1, '020914', 20, 0, 14, 2.5, 700, '2017-08-21', 1, 1, 0, 0, 0, 0, 0, 0, 0, 0, 0, '2017-12-23 11:39:23', '2017-12-23 11:39:23'),
(7, 1, '020922', 20, 0, 14, 2.5, 700, '2017-08-21', 1, 1, 0, 0, 0, 0, 0, 0, 0, 0, 0, '2017-12-23 11:39:45', '2017-12-23 11:39:45'),
(8, 1, '020926', 20, 0, 14, 2.5, 700, '2017-08-21', 1, 1, 0, 0, 0, 0, 0, 0, 0, 0, 0, '2017-12-23 11:40:09', '2017-12-23 11:40:09'),
(9, 1, '020931', 20, 0, 14, 2.5, 700, '2017-08-21', 1, 1, 0, 0, 0, 0, 0, 0, 0, 0, 0, '2017-12-23 11:40:28', '2017-12-23 11:40:28'),
(10, 1, '020816', 20, 0, 14, 2.5, 700, '2017-08-22', 1, 1, 0, 0, 0, 0, 0, 0, 0, 0, 0, '2017-12-23 11:42:17', '2017-12-23 11:42:17'),
(11, 1, '020822', 20, 0, 14, 2.5, 700, '2017-08-22', 1, 1, 0, 0, 0, 0, 0, 0, 0, 0, 0, '2017-12-23 11:42:41', '2017-12-23 11:42:41'),
(12, 1, '020828', 20, 0, 14, 2.5, 700, '2017-08-22', 1, 1, 0, 0, 0, 0, 0, 0, 0, 0, 0, '2017-12-23 11:43:26', '2017-12-23 11:43:26'),
(13, 1, '020835', 20, 0, 14, 2.5, 700, '2017-08-22', 1, 1, 0, 0, 0, 0, 0, 0, 0, 0, 0, '2017-12-23 11:44:04', '2017-12-23 11:44:04'),
(14, 1, '020841', 20, 0, 14, 2.5, 700, '2017-08-22', 1, 1, 0, 0, 0, 0, 0, 0, 0, 0, 0, '2017-12-23 11:44:33', '2017-12-23 11:44:33'),
(15, 1, '020938', 20, 0, 14, 2.5, 700, '2017-08-22', 1, 1, 0, 0, 0, 0, 0, 0, 0, 0, 0, '2017-12-23 11:45:00', '2017-12-23 11:45:00'),
(16, 1, '020943', 20, 0, 14, 2.5, 700, '2017-08-22', 1, 1, 0, 0, 0, 0, 0, 0, 0, 0, 0, '2017-12-23 11:45:24', '2017-12-23 11:45:24'),
(17, 1, '020949', 20, 0, 14, 2.5, 700, '2017-08-22', 1, 1, 0, 0, 0, 0, 0, 0, 0, 0, 0, '2017-12-23 11:45:50', '2017-12-23 11:45:50'),
(18, 1, '021753', 20, 0, 14, 2.5, 700, '2017-08-23', 1, 1, 0, 0, 0, 0, 0, 0, 0, 0, 0, '2017-12-23 11:46:46', '2017-12-23 11:46:46'),
(19, 1, '021761', 20, 0, 14, 2.5, 700, '2017-08-23', 1, 1, 0, 0, 0, 0, 0, 0, 0, 0, 0, '2017-12-23 11:47:32', '2017-12-23 11:47:32'),
(20, 1, '021767', 20, 0, 14, 2.5, 700, '2017-08-23', 1, 1, 0, 0, 0, 0, 0, 0, 0, 0, 0, '2017-12-23 11:48:26', '2017-12-23 11:48:26'),
(21, 1, '021776', 20, 0, 14, 2.5, 700, '2017-08-23', 1, 1, 0, 0, 0, 0, 0, 0, 0, 0, 0, '2017-12-23 11:48:53', '2017-12-23 11:48:53'),
(22, 1, '021780', 20, 0, 14, 2.5, 700, '2017-08-23', 1, 1, 0, 0, 0, 0, 0, 0, 0, 0, 0, '2017-12-23 11:49:06', '2017-12-23 11:49:06'),
(23, 1, '020813', 20, 0, 14, 2.5, 700, '2017-08-22', 2, 1, 0, 0, 0, 0, 0, 0, 0, 0, 0, '2017-12-23 11:50:15', '2017-12-23 12:06:07'),
(24, 1, '020820', 20, 0, 14, 2.5, 700, '2017-08-22', 2, 1, 0, 0, 0, 0, 0, 0, 0, 0, 0, '2017-12-23 11:50:59', '2017-12-23 12:08:27'),
(25, 1, '020826', 20, 0, 14, 2.5, 700, '2017-08-22', 2, 1, 0, 0, 0, 0, 0, 0, 0, 0, 0, '2017-12-23 11:51:35', '2017-12-23 12:08:41'),
(26, 1, '020834', 20, 0, 14, 2.5, 700, '2017-08-22', 2, 1, 0, 0, 0, 0, 0, 0, 0, 0, 0, '2017-12-23 11:52:10', '2017-12-23 12:08:50'),
(27, 1, '020840', 20, 0, 14, 2.5, 700, '2017-08-22', 2, 1, 0, 0, 0, 0, 0, 0, 0, 0, 0, '2017-12-23 11:52:23', '2017-12-23 12:09:20'),
(28, 1, '020846', 20, 0, 14, 2.5, 700, '2017-08-22', 2, 1, 0, 0, 0, 0, 0, 0, 0, 0, 0, '2017-12-23 11:52:47', '2017-12-23 12:09:42'),
(29, 1, '020939', 20, 0, 14, 2.5, 700, '2017-08-22', 2, 1, 0, 0, 0, 0, 0, 0, 0, 0, 0, '2017-12-23 11:53:05', '2017-12-23 12:09:54'),
(30, 1, '020944', 20, 0, 14, 2.5, 700, '2017-08-22', 2, 1, 0, 0, 0, 0, 0, 0, 0, 0, 0, '2017-12-23 11:53:27', '2017-12-23 12:10:02'),
(31, 1, '021756', 20, 0, 14, 2.5, 700, '2017-08-23', 2, 1, 0, 0, 0, 0, 0, 0, 0, 0, 0, '2017-12-23 11:55:35', '2017-12-23 12:10:28'),
(32, 1, '021763', 20, 0, 14, 2.5, 700, '2017-08-23', 2, 1, 0, 0, 0, 0, 0, 0, 0, 0, 0, '2017-12-23 11:55:42', '2017-12-23 12:10:48'),
(33, 1, '021768', 20, 0, 14, 2.5, 700, '2017-08-23', 2, 1, 0, 0, 0, 0, 0, 0, 0, 0, 0, '2017-12-23 11:56:35', '2017-12-23 12:11:02'),
(34, 1, '021777', 20, 0, 14, 2.5, 700, '2017-08-23', 2, 1, 0, 0, 0, 0, 0, 0, 0, 0, 0, '2017-12-23 11:56:40', '2017-12-23 12:11:13'),
(35, 1, '021781', 20, 0, 14, 2.5, 700, '2017-08-23', 2, 1, 0, 0, 0, 0, 0, 0, 0, 0, 0, '2017-12-23 11:56:45', '2017-12-23 12:11:26'),
(36, 1, '021788', 20, 0, 14, 2.5, 700, '2017-08-23', 2, 1, 0, 0, 0, 0, 0, 0, 0, 0, 0, '2017-12-23 11:56:51', '2017-12-23 12:11:38'),
(37, 1, '021794', 20, 0, 14, 2.5, 700, '2017-08-23', 2, 1, 0, 0, 0, 0, 0, 0, 0, 0, 0, '2017-12-23 11:56:57', '2017-12-23 12:11:49'),
(38, 1, '021799', 20, 0, 14, 2.5, 700, '2017-08-23', 2, 1, 0, 0, 0, 0, 0, 0, 0, 0, 0, '2017-12-23 11:57:06', '2017-12-23 12:12:06'),
(39, 1, '020751', 20, 0, 14, 2.5, 700, '2017-08-24', 2, 1, 0, 0, 0, 0, 0, 0, 0, 0, 0, '2017-12-23 11:57:38', '2017-12-23 12:12:23'),
(40, 1, '021115', 20, 0, 14, 2.5, 700, '2017-08-24', 2, 1, 0, 0, 0, 0, 0, 0, 0, 0, 0, '2017-12-23 11:57:46', '2017-12-23 12:12:34'),
(41, 1, '021123', 20, 0, 14, 2.5, 700, '2017-08-24', 2, 1, 0, 0, 0, 0, 0, 0, 0, 0, 0, '2017-12-23 11:57:52', '2017-12-23 12:12:43'),
(42, 1, '021128', 20, 0, 14, 2.5, 700, '2017-08-24', 2, 1, 0, 0, 0, 0, 0, 0, 0, 0, 0, '2017-12-23 11:57:58', '2017-12-23 12:12:54'),
(43, 1, '021130', 20, 0, 14, 2.5, 700, '2017-08-24', 2, 1, 0, 0, 0, 0, 0, 0, 0, 0, 0, '2017-12-23 11:58:04', '2017-12-23 12:13:06'),
(44, 1, '021136', 20, 0, 14, 2.5, 700, '2017-08-24', 2, 1, 0, 0, 0, 0, 0, 0, 0, 0, 0, '2017-12-23 11:58:10', '2017-12-23 12:13:20'),
(45, 1, '021140', 20, 0, 14, 2.5, 700, '2017-08-24', 2, 1, 0, 0, 0, 0, 0, 0, 0, 0, 0, '2017-12-23 11:58:17', '2017-12-23 12:13:29'),
(46, 1, '021145', 20, 0, 14, 2.5, 700, '2017-08-24', 2, 1, 0, 0, 0, 0, 0, 0, 0, 0, 0, '2017-12-23 11:58:26', '2017-12-23 12:13:38'),
(47, 1, '020762', 20, 0, 14, 2.5, 700, '2017-08-25', 2, 1, 0, 0, 0, 0, 0, 0, 0, 0, 0, '2017-12-23 11:58:44', '2017-12-23 12:14:11'),
(48, 1, '020768', 20, 0, 14, 2.5, 700, '2017-08-25', 2, 1, 0, 0, 0, 0, 0, 0, 0, 0, 0, '2017-12-23 11:58:51', '2017-12-23 12:14:19'),
(49, 1, '020775', 20, 0, 14, 2.5, 700, '2017-08-25', 2, 1, 0, 0, 0, 0, 0, 0, 0, 0, 0, '2017-12-23 11:59:01', '2017-12-23 12:14:34'),
(50, 1, '020778', 20, 0, 14, 2.5, 700, '2017-08-25', 2, 1, 0, 0, 0, 0, 0, 0, 0, 0, 0, '2017-12-23 11:59:12', '2017-12-23 12:14:43'),
(51, 1, '020784', 20, 0, 14, 2.5, 700, '2017-08-25', 2, 1, 0, 0, 0, 0, 0, 0, 0, 0, 0, '2017-12-23 11:59:18', '2017-12-23 12:14:55'),
(52, 1, '020791', 20, 0, 14, 2.5, 700, '2017-08-25', 2, 1, 0, 0, 0, 0, 0, 0, 0, 0, 0, '2017-12-23 11:59:25', '2017-12-23 12:15:08'),
(53, 1, '020797', 20, 0, 14, 2.5, 700, '2017-08-25', 2, 1, 0, 0, 0, 0, 0, 0, 0, 0, 0, '2017-12-23 11:59:34', '2017-12-23 12:15:34'),
(54, 1, '021053', 20, 0, 14, 2.5, 700, '2017-08-25', 2, 1, 0, 0, 0, 0, 0, 0, 0, 0, 0, '2017-12-23 11:59:41', '2017-12-23 12:15:44'),
(55, 1, '020653', 20, 0, 14, 2.5, 700, '2017-08-28', 2, 1, 0, 0, 0, 0, 0, 0, 0, 0, 0, '2017-12-23 12:00:00', '2017-12-23 12:16:01'),
(56, 1, '020746', 20, 0, 14, 2.5, 700, '2017-08-28', 2, 1, 0, 0, 0, 0, 0, 0, 0, 0, 0, '2017-12-23 12:00:08', '2017-12-23 12:16:10'),
(57, 1, '020353', 20, 0, 14, 2.5, 700, '2017-08-29', 2, 1, 0, 0, 0, 0, 0, 0, 0, 0, 0, '2017-12-23 12:01:10', '2017-12-23 18:02:46'),
(58, 1, '020358', 20, 0, 14, 2.5, 700, '2017-08-29', 2, 1, 0, 0, 0, 0, 0, 0, 0, 0, 0, '2017-12-23 12:01:20', '2017-12-23 18:03:11'),
(59, 1, '020695', 20, 0, 14, 2.5, 700, '2017-08-29', 2, 1, 0, 0, 0, 0, 0, 0, 0, 0, 0, '2017-12-23 12:01:27', '2017-12-23 18:03:26'),
(60, 1, '020368', 20, 0, 14, 2.5, 700, '2017-08-30', 2, 1, 0, 0, 0, 0, 0, 0, 0, 0, 0, '2017-12-23 12:01:43', '2017-12-23 12:16:52'),
(61, 1, '020373', 20, 0, 14, 2.5, 700, '2017-08-30', 2, 1, 0, 0, 0, 0, 0, 0, 0, 0, 0, '2017-12-23 12:01:49', '2017-12-23 12:16:59'),
(62, 1, '020374', 20, 0, 14, 2.5, 700, '2017-08-30', 2, 1, 0, 0, 0, 0, 0, 0, 0, 0, 0, '2017-12-23 12:02:05', '2017-12-23 12:17:07'),
(63, 1, '020381', 20, 0, 14, 2.5, 700, '2017-08-30', 2, 1, 0, 0, 0, 0, 0, 0, 0, 0, 0, '2017-12-23 12:02:13', '2017-12-23 12:17:16'),
(64, 1, '020386', 20, 0, 14, 2.5, 700, '2017-08-30', 2, 1, 0, 0, 0, 0, 0, 0, 0, 0, 0, '2017-12-23 12:02:55', '2017-12-23 12:17:23'),
(65, 1, '020390', 20, 0, 14, 2.5, 700, '2017-08-30', 2, 1, 0, 0, 0, 0, 0, 0, 0, 0, 0, '2017-12-23 12:03:09', '2017-12-23 12:17:33'),
(66, 1, '020398', 20, 0, 14, 2.5, 700, '2017-08-30', 2, 1, 0, 0, 0, 0, 0, 0, 0, 0, 0, '2017-12-23 12:03:19', '2017-12-23 12:17:47'),
(67, 1, '020401', 20, 0, 14, 2.5, 700, '2017-08-30', 2, 1, 0, 0, 0, 0, 0, 0, 0, 0, 0, '2017-12-23 12:03:27', '2017-12-23 12:18:04'),
(68, 1, '020053', 20, 0, 14, 2.5, 700, '2017-08-31', 2, 1, 0, 0, 0, 0, 0, 0, 0, 0, 0, '2017-12-23 12:04:03', '2017-12-23 12:18:23'),
(69, 1, '020057', 20, 0, 14, 2.5, 700, '2017-08-31', 2, 1, 0, 0, 0, 0, 0, 0, 0, 0, 0, '2017-12-23 12:04:10', '2017-12-23 12:18:33'),
(70, 1, '020063', 20, 0, 14, 2.5, 700, '2017-08-31', 2, 1, 0, 0, 0, 0, 0, 0, 0, 0, 0, '2017-12-23 12:04:18', '2017-12-23 12:18:43'),
(71, 1, '020069', 20, 0, 14, 2.5, 700, '2017-08-31', 2, 1, 0, 0, 0, 0, 0, 0, 0, 0, 0, '2017-12-23 12:04:25', '2017-12-23 12:19:04'),
(72, 1, '020414', 20, 0, 14, 2.5, 700, '2017-08-31', 2, 1, 0, 0, 0, 0, 0, 0, 0, 0, 0, '2017-12-23 12:04:33', '2017-12-23 12:19:13'),
(73, 1, '020421', 20, 0, 14, 2.5, 700, '2017-08-31', 2, 1, 0, 0, 0, 0, 0, 0, 0, 0, 0, '2017-12-23 12:04:41', '2017-12-23 12:19:22'),
(74, 1, '020426', 20, 0, 14, 2.5, 700, '2017-08-31', 2, 1, 0, 0, 0, 0, 0, 0, 0, 0, 0, '2017-12-23 12:04:48', '2017-12-23 12:19:37'),
(75, 1, '020432', 20, 0, 14, 2.5, 700, '2017-08-31', 2, 1, 0, 0, 0, 0, 0, 0, 0, 0, 0, '2017-12-23 12:04:55', '2017-12-23 12:19:46'),
(76, 1, '020442', 20, 0, 14, 2.5, 700, '2017-08-31', 2, 1, 0, 0, 0, 0, 0, 0, 0, 0, 0, '2017-12-23 12:05:06', '2017-12-23 12:19:54'),
(77, 1, '020448', 20, 0, 14, 2.5, 700, '2017-08-31', 2, 1, 0, 0, 0, 0, 0, 0, 0, 0, 0, '2017-12-23 12:05:15', '2017-12-23 12:20:02'),
(78, 1, '020802', 20, 0, 15, 2.5, 750, '2017-08-19', 3, 1, 0, 0, 0, 0, 0, 0, 0, 0, 0, '2017-12-23 12:24:15', '2017-12-23 12:24:15'),
(79, 1, '020804', 20, 0, 15, 2.5, 750, '2017-08-19', 3, 1, 0, 0, 0, 0, 0, 0, 0, 0, 0, '2017-12-23 12:24:39', '2017-12-23 12:24:39'),
(80, 1, '020806', 20, 0, 15, 2.5, 750, '2017-08-19', 3, 1, 0, 0, 0, 0, 0, 0, 0, 0, 0, '2017-12-23 12:25:49', '2017-12-23 12:25:49'),
(81, 1, '020966', 20, 0, 15, 2.5, 750, '2017-08-19', 3, 1, 0, 0, 0, 0, 0, 0, 0, 0, 0, '2017-12-23 12:25:55', '2017-12-23 12:25:55'),
(82, 1, '020971', 20, 0, 15, 2.5, 750, '2017-08-19', 3, 1, 0, 0, 0, 0, 0, 0, 0, 0, 0, '2017-12-23 12:26:03', '2017-12-23 12:26:03'),
(83, 1, '020980', 20, 0, 15, 2.5, 750, '2017-08-19', 3, 1, 0, 0, 0, 0, 0, 0, 0, 0, 0, '2017-12-23 12:26:08', '2017-12-23 12:26:08'),
(84, 1, '020985', 20, 0, 15, 2.5, 750, '2017-08-19', 3, 1, 0, 0, 0, 0, 0, 0, 0, 0, 0, '2017-12-23 12:26:16', '2017-12-23 12:26:16'),
(85, 1, '020991', 20, 0, 15, 2.5, 750, '2017-08-19', 3, 1, 0, 0, 0, 0, 0, 0, 0, 0, 0, '2017-12-23 12:26:22', '2017-12-23 12:26:22'),
(86, 1, '020862', 20, 0, 15, 2.5, 750, '2017-08-20', 3, 1, 0, 0, 0, 0, 0, 0, 0, 0, 0, '2017-12-23 12:27:02', '2017-12-23 12:27:02'),
(87, 1, '020864', 20, 0, 15, 2.5, 750, '2017-08-20', 3, 1, 0, 0, 0, 0, 0, 0, 0, 0, 0, '2017-12-23 12:27:10', '2017-12-23 12:27:10'),
(88, 1, '020868', 20, 0, 15, 2.5, 750, '2017-08-20', 3, 1, 0, 0, 0, 0, 0, 0, 0, 0, 0, '2017-12-23 12:27:17', '2017-12-23 12:27:17'),
(89, 1, '020870', 20, 0, 15, 2.5, 750, '2017-08-20', 3, 1, 0, 0, 0, 0, 0, 0, 0, 0, 0, '2017-12-23 12:27:23', '2017-12-23 12:27:23'),
(90, 1, '020873', 20, 0, 15, 2.5, 750, '2017-08-20', 3, 1, 0, 0, 0, 0, 0, 0, 0, 0, 0, '2017-12-23 12:27:31', '2017-12-23 12:27:31'),
(91, 1, '020878', 20, 0, 15, 2.5, 750, '2017-08-20', 3, 1, 0, 0, 0, 0, 0, 0, 0, 0, 0, '2017-12-23 12:27:41', '2017-12-23 12:27:41'),
(92, 1, '020821', 20, 0, 15, 2.5, 750, '2017-08-22', 3, 1, 0, 0, 0, 0, 0, 0, 0, 0, 0, '2017-12-23 12:28:07', '2017-12-23 12:28:07'),
(93, 1, '020827', 20, 0, 15, 2.5, 750, '2017-08-22', 3, 1, 0, 0, 0, 0, 0, 0, 0, 0, 0, '2017-12-23 12:28:13', '2017-12-23 12:28:13'),
(94, 1, '020833', 20, 0, 15, 2.5, 750, '2017-08-22', 3, 1, 0, 0, 0, 0, 0, 0, 0, 0, 0, '2017-12-23 12:28:20', '2017-12-23 12:28:20'),
(95, 1, '020839', 20, 0, 15, 2.5, 750, '2017-08-22', 3, 1, 0, 0, 0, 0, 0, 0, 0, 0, 0, '2017-12-23 12:28:27', '2017-12-23 12:28:27'),
(96, 1, '020842', 20, 0, 15, 2.5, 750, '2017-08-22', 3, 1, 0, 0, 0, 0, 0, 0, 0, 0, 0, '2017-12-23 12:28:33', '2017-12-23 12:28:33'),
(97, 1, '020845', 20, 0, 15, 2.5, 750, '2017-08-22', 3, 1, 0, 0, 0, 0, 0, 0, 0, 0, 0, '2017-12-23 12:28:40', '2017-12-23 12:28:40'),
(98, 1, '020950', 20, 0, 15, 2.5, 750, '2017-08-22', 3, 1, 0, 0, 0, 0, 0, 0, 0, 0, 0, '2017-12-23 12:28:49', '2017-12-23 12:28:49'),
(99, 1, '020850', 20, 0, 15, 2.5, 750, '2017-08-23', 3, 1, 0, 0, 0, 0, 0, 0, 0, 0, 0, '2017-12-23 12:35:16', '2017-12-23 12:35:16'),
(100, 1, '021758', 20, 0, 15, 2.5, 750, '2017-08-23', 3, 1, 0, 0, 0, 0, 0, 0, 0, 0, 0, '2017-12-23 12:35:32', '2017-12-23 12:35:32'),
(101, 1, '021764', 20, 0, 15, 2.5, 750, '2017-08-23', 3, 1, 0, 0, 0, 0, 0, 0, 0, 0, 0, '2017-12-23 12:35:38', '2017-12-23 12:35:38'),
(102, 1, '021769', 20, 0, 15, 2.5, 750, '2017-08-23', 3, 1, 0, 0, 0, 0, 0, 0, 0, 0, 0, '2017-12-23 12:35:44', '2017-12-23 12:35:44'),
(103, 1, '021785', 20, 0, 15, 2.5, 750, '2017-08-23', 3, 1, 0, 0, 0, 0, 0, 0, 0, 0, 0, '2017-12-23 12:35:54', '2017-12-23 12:35:54'),
(104, 1, '021789', 20, 0, 15, 2.5, 750, '2017-08-23', 3, 1, 0, 0, 0, 0, 0, 0, 0, 0, 0, '2017-12-23 12:36:00', '2017-12-23 12:36:00'),
(105, 1, '021797', 20, 0, 15, 2.5, 750, '2017-08-23', 3, 1, 0, 0, 0, 0, 0, 0, 0, 0, 0, '2017-12-23 12:36:07', '2017-12-23 12:36:07'),
(106, 1, '020755', 20, 0, 15, 2.5, 750, '2017-08-24', 3, 1, 0, 0, 0, 0, 0, 0, 0, 0, 0, '2017-12-23 12:36:26', '2017-12-23 12:36:26'),
(107, 1, '021116', 20, 0, 15, 2.5, 750, '2017-08-24', 3, 1, 0, 0, 0, 0, 0, 0, 0, 0, 0, '2017-12-23 12:36:35', '2017-12-23 12:36:35'),
(108, 1, '021121', 20, 0, 15, 2.5, 750, '2017-08-24', 3, 1, 0, 0, 0, 0, 0, 0, 0, 0, 0, '2017-12-23 12:36:55', '2017-12-23 12:36:55'),
(109, 1, '021127', 20, 0, 15, 2.5, 750, '2017-08-24', 3, 1, 0, 0, 0, 0, 0, 0, 0, 0, 0, '2017-12-23 12:37:08', '2017-12-23 12:37:08'),
(110, 1, '021133', 20, 0, 15, 2.5, 750, '2017-08-24', 3, 1, 0, 0, 0, 0, 0, 0, 0, 0, 0, '2017-12-23 12:37:32', '2017-12-23 12:37:32'),
(111, 1, '021138', 20, 0, 15, 2.5, 750, '2017-08-24', 3, 1, 0, 0, 0, 0, 0, 0, 0, 0, 0, '2017-12-23 12:37:38', '2017-12-23 12:37:38'),
(112, 1, '021144', 20, 0, 15, 2.5, 750, '2017-08-24', 3, 1, 0, 0, 0, 0, 0, 0, 0, 0, 0, '2017-12-23 12:37:45', '2017-12-23 12:37:45'),
(113, 1, '021150', 20, 0, 15, 2.5, 750, '2017-08-24', 3, 1, 0, 0, 0, 0, 0, 0, 0, 0, 0, '2017-12-23 12:37:52', '2017-12-23 12:37:52'),
(114, 1, '020760', 20, 0, 15, 2.5, 750, '2017-08-25', 3, 1, 0, 0, 0, 0, 0, 0, 0, 0, 0, '2017-12-23 12:38:18', '2017-12-23 12:38:18'),
(115, 1, '020767', 20, 0, 15, 2.5, 750, '2017-08-25', 3, 1, 0, 0, 0, 0, 0, 0, 0, 0, 0, '2017-12-23 12:38:39', '2017-12-23 12:38:39'),
(116, 1, '020774', 20, 0, 15, 2.5, 750, '2017-08-25', 3, 1, 0, 0, 0, 0, 0, 0, 0, 0, 0, '2017-12-23 12:38:53', '2017-12-23 12:38:53'),
(117, 1, '020779', 20, 0, 15, 2.5, 750, '2017-08-25', 3, 1, 0, 0, 0, 0, 0, 0, 0, 0, 0, '2017-12-23 12:39:11', '2017-12-23 12:39:11'),
(118, 1, '020783', 20, 0, 15, 2.5, 750, '2017-08-25', 3, 1, 0, 0, 0, 0, 0, 0, 0, 0, 0, '2017-12-23 12:39:27', '2017-12-23 12:39:27'),
(119, 1, '021056', 20, 0, 15, 2.5, 750, '2017-08-26', 3, 1, 0, 0, 0, 0, 0, 0, 0, 0, 0, '2017-12-23 12:39:40', '2017-12-23 12:39:40'),
(120, 1, '021065', 20, 0, 15, 2.5, 750, '2017-08-26', 3, 1, 0, 0, 0, 0, 0, 0, 0, 0, 0, '2017-12-23 12:39:51', '2017-12-23 12:39:51'),
(121, 1, '021072', 20, 0, 15, 2.5, 750, '2017-08-26', 3, 1, 0, 0, 0, 0, 0, 0, 0, 0, 0, '2017-12-23 12:39:57', '2017-12-23 12:39:57'),
(122, 1, '020652', 20, 0, 15, 2.5, 750, '2017-08-28', 3, 1, 0, 0, 0, 0, 0, 0, 0, 0, 0, '2017-12-23 12:40:24', '2017-12-23 12:40:24'),
(123, 1, '020659', 20, 0, 15, 2.5, 750, '2017-08-28', 3, 1, 0, 0, 0, 0, 0, 0, 0, 0, 0, '2017-12-23 12:40:29', '2017-12-23 12:40:29'),
(124, 1, '020664', 20, 0, 15, 2.5, 750, '2017-08-28', 3, 1, 0, 0, 0, 0, 0, 0, 0, 0, 0, '2017-12-23 12:40:35', '2017-12-23 12:40:35'),
(125, 1, '020745', 20, 0, 15, 2.5, 750, '2017-08-28', 3, 1, 0, 0, 0, 0, 0, 0, 0, 0, 0, '2017-12-23 12:40:45', '2017-12-23 12:40:45'),
(126, 1, '020352', 20, 0, 15, 2.5, 750, '2017-08-29', 3, 1, 0, 0, 0, 0, 0, 0, 0, 0, 0, '2017-12-23 12:41:18', '2017-12-23 12:41:18'),
(127, 1, '020357', 20, 0, 15, 2.5, 750, '2017-08-29', 3, 1, 0, 0, 0, 0, 0, 0, 0, 0, 0, '2017-12-23 12:41:24', '2017-12-23 12:41:24'),
(128, 1, '020682', 20, 0, 15, 2.5, 750, '2017-08-29', 3, 1, 0, 0, 0, 0, 0, 0, 0, 0, 0, '2017-12-23 12:41:32', '2017-12-23 12:41:32'),
(129, 1, '020686', 20, 0, 15, 2.5, 750, '2017-08-29', 3, 1, 0, 0, 0, 0, 0, 0, 0, 0, 0, '2017-12-23 12:41:38', '2017-12-23 12:41:38'),
(130, 1, '020689', 20, 0, 15, 2.5, 750, '2017-08-29', 3, 1, 0, 0, 0, 0, 0, 0, 0, 0, 0, '2017-12-23 12:41:43', '2017-12-23 12:41:43'),
(131, 1, '020697', 20, 0, 15, 2.5, 750, '2017-08-29', 3, 1, 0, 0, 0, 0, 0, 0, 0, 0, 0, '2017-12-23 12:41:51', '2017-12-23 12:41:51'),
(132, 1, '020370', 20, 0, 15, 2.5, 750, '2017-08-30', 3, 1, 0, 0, 0, 0, 0, 0, 0, 0, 0, '2017-12-23 12:42:15', '2017-12-23 12:42:15'),
(133, 1, '020377', 20, 0, 15, 2.5, 750, '2017-08-30', 3, 1, 0, 0, 0, 0, 0, 0, 0, 0, 0, '2017-12-23 12:42:23', '2017-12-23 12:42:23'),
(134, 1, '020391', 20, 0, 15, 2.5, 750, '2017-08-30', 3, 1, 0, 0, 0, 0, 0, 0, 0, 0, 0, '2017-12-23 12:42:31', '2017-12-23 12:42:31'),
(135, 1, '020396', 20, 0, 15, 2.5, 750, '2017-08-30', 3, 1, 0, 0, 0, 0, 0, 0, 0, 0, 0, '2017-12-23 12:42:45', '2017-12-23 12:42:45'),
(136, 1, '020409', 20, 0, 15, 2.5, 750, '2017-08-30', 3, 1, 0, 0, 0, 0, 0, 0, 0, 0, 0, '2017-12-23 12:42:52', '2017-12-23 12:42:52'),
(137, 1, '020060', 20, 0, 15, 2.5, 750, '2017-08-31', 3, 1, 0, 0, 0, 0, 0, 0, 0, 0, 0, '2017-12-23 12:43:17', '2017-12-23 12:43:17'),
(138, 1, '020066', 20, 0, 15, 2.5, 750, '2017-08-31', 3, 1, 0, 0, 0, 0, 0, 0, 0, 0, 0, '2017-12-23 12:43:22', '2017-12-23 12:43:22'),
(139, 1, '020410', 20, 0, 15, 2.5, 750, '2017-08-31', 3, 1, 0, 0, 0, 0, 0, 0, 0, 0, 0, '2017-12-23 12:43:28', '2017-12-23 12:43:28'),
(140, 1, '020415', 20, 0, 15, 2.5, 750, '2017-08-31', 3, 1, 0, 0, 0, 0, 0, 0, 0, 0, 0, '2017-12-23 12:43:34', '2017-12-23 12:43:34'),
(141, 1, '020422', 20, 0, 15, 2.5, 750, '2017-08-31', 3, 1, 0, 0, 0, 0, 0, 0, 0, 0, 0, '2017-12-23 12:43:57', '2017-12-23 12:43:57'),
(142, 1, '020428', 20, 0, 15, 2.5, 750, '2017-08-31', 3, 1, 0, 0, 0, 0, 0, 0, 0, 0, 0, '2017-12-23 12:44:18', '2017-12-23 12:44:18'),
(143, 1, '020433', 20, 0, 15, 2.5, 750, '2017-08-31', 3, 1, 0, 0, 0, 0, 0, 0, 0, 0, 0, '2017-12-23 12:44:24', '2017-12-23 12:44:24'),
(144, 1, '020437', 20, 0, 15, 2.5, 750, '2017-08-31', 3, 1, 0, 0, 0, 0, 0, 0, 0, 0, 0, '2017-12-23 12:44:30', '2017-12-23 12:44:30'),
(145, 1, '020445', 20, 0, 15, 2.5, 750, '2017-08-31', 3, 1, 0, 0, 0, 0, 0, 0, 0, 0, 0, '2017-12-23 12:44:36', '2017-12-23 12:44:36'),
(146, 1, '020450', 20, 0, 15, 2.5, 750, '2017-08-31', 3, 1, 0, 0, 0, 0, 0, 0, 0, 0, 0, '2017-12-23 12:44:50', '2017-12-23 12:44:50'),
(165, 2, '', 0, 2, 0, 0, 0, '2017-11-06', 0, 8, 3, 3, 0, 0, 0, 480, 0, 0, 0, '2017-12-31 03:24:17', '2017-12-31 15:02:16'),
(166, 2, '', 0, 2, 0, 0, 0, '2017-11-07', 0, 8, 3, 1, 0, 0, 0, 480, 0, 0, 0, '2017-12-31 03:24:25', '2017-12-31 15:02:27'),
(167, 2, '', 0, 2, 0, 0, 0, '2017-11-07', 0, 8, 3, 1, 0, 0, 0, 1470, 0, 0, 0, '2017-12-31 03:24:34', '2017-12-31 15:02:49'),
(168, 2, '', 0, 2, 0, 0, 0, '2017-11-07', 0, 8, 3, 1, 0, 0, 0, 1440, 0, 0, 0, '2017-12-31 03:24:42', '2017-12-31 15:02:58'),
(169, 2, '', 0, 2, 0, 0, 0, '2017-11-07', 0, 8, 3, 1, 0, 0, 0, 2376, 0, 0, 0, '2017-12-31 03:24:53', '2017-12-31 15:03:06'),
(170, 2, '', 0, 2, 0, 0, 0, '2017-11-07', 0, 8, 3, 2, 0, 0, 0, 3594, 0, 0, 0, '2017-12-31 03:25:05', '2017-12-31 15:03:11'),
(171, 2, '', 0, 2, 0, 0, 0, '2017-11-07', 0, 8, 3, 2, 0, 0, 0, 4476, 0, 0, 0, '2017-12-31 03:25:16', '2017-12-31 15:03:16'),
(172, 2, '', 0, 2, 0, 0, 0, '2017-11-07', 0, 8, 3, 3, 0, 0, 0, 1920, 0, 0, 0, '2017-12-31 03:25:29', '2017-12-31 15:03:38'),
(173, 2, '', 0, 2, 0, 0, 0, '2017-11-08', 0, 8, 3, 1, 0, 0, 0, 480, 0, 0, 0, '2017-12-31 03:25:43', '2017-12-31 15:03:43'),
(174, 2, '', 0, 2, 0, 0, 0, '2017-11-08', 0, 8, 3, 1, 0, 0, 0, 880, 0, 0, 0, '2017-12-31 03:25:51', '2017-12-31 05:25:04'),
(175, 2, '', 0, 2, 0, 0, 0, '2017-11-08', 0, 8, 3, 2, 0, 0, 0, 2400, 0, 0, 0, '2017-12-31 03:26:04', '2017-12-31 05:25:38'),
(176, 2, '', 0, 2, 0, 0, 0, '2017-11-10', 0, 8, 3, 2, 0, 0, 0, 4320, 0, 0, 0, '2017-12-31 03:26:24', '2017-12-31 05:26:19'),
(179, 2, '', 0, 2, 0, 0, 0, '2017-11-11', 0, 8, 3, 1, 0, 0, 0, 432, 0, 0, 0, '2017-12-31 03:53:02', '2017-12-31 05:29:24'),
(180, 2, '', 0, 2, 0, 0, 0, '2017-11-11', 0, 8, 3, 2, 0, 0, 0, 480, 0, 0, 0, '2017-12-31 03:53:18', '2017-12-31 05:30:05'),
(182, 2, '', 0, 2, 0, 0, 0, '2017-11-11', 0, 8, 3, 2, 0, 0, 0, 960, 0, 0, 0, '2017-12-31 03:54:17', '2017-12-31 05:33:25'),
(183, 2, '', 0, 2, 0, 0, 0, '2017-11-13', 0, 8, 3, 2, 0, 0, 0, 1440, 0, 0, 0, '2017-12-31 03:54:38', '2017-12-31 05:34:12'),
(184, 2, '', 0, 2, 0, 0, 0, '2017-11-13', 0, 8, 3, 2, 0, 0, 0, 1920, 0, 0, 0, '2017-12-31 03:54:46', '2017-12-31 05:34:47'),
(185, 2, '', 0, 2, 0, 0, 0, '2017-11-07', 0, 8, 6, 2, 0, 0, 0, 1000, 40, 0, 0, '2017-12-31 04:35:41', '2017-12-31 04:35:41'),
(186, 2, '', 0, 2, 0, 0, 0, '2017-11-07', 0, 8, 6, 3, 0, 0, 0, 900, 36, 0, 0, '2017-12-31 04:37:01', '2017-12-31 04:37:01'),
(187, 2, '', 0, 2, 0, 0, 0, '2017-11-10', 0, 8, 6, 2, 0, 0, 0, 1050, 42, 0, 0, '2017-12-31 04:37:27', '2017-12-31 04:37:27'),
(188, 2, '', 0, 2, 0, 0, 0, '2017-11-11', 0, 8, 6, 2, 0, 0, 0, 480, 0, 0, 0, '2017-12-31 04:37:42', '2017-12-31 04:37:42'),
(189, 2, '', 0, 2, 0, 0, 0, '2017-11-11', 0, 8, 6, 2, 0, 0, 0, 960, 0, 0, 0, '2017-12-31 04:37:47', '2017-12-31 04:37:47'),
(190, 2, '', 0, 2, 0, 0, 0, '2017-11-11', 0, 8, 6, 2, 0, 0, 0, 960, 0, 0, 0, '2017-12-31 04:37:55', '2017-12-31 04:37:55'),
(191, 2, '', 0, 2, 0, 0, 0, '2017-11-11', 0, 8, 6, 2, 0, 0, 0, 960, 0, 0, 0, '2017-12-31 04:37:58', '2017-12-31 04:37:58'),
(192, 2, '', 0, 5, 0, 0, 0, '2017-11-08', 0, 8, 8, 2, 0, 0, 0, 500, 20, 0, 0, '2017-12-31 04:59:42', '2017-12-31 04:59:42'),
(193, 2, '', 0, 5, 0, 0, 0, '2017-11-08', 0, 8, 8, 2, 0, 0, 0, 2500, 100, 0, 0, '2017-12-31 04:59:57', '2017-12-31 04:59:57'),
(194, 2, '', 0, 5, 0, 0, 0, '2017-11-08', 0, 8, 8, 2, 0, 0, 0, 3000, 120, 0, 0, '2017-12-31 05:00:09', '2017-12-31 05:00:09'),
(195, 2, '', 0, 5, 0, 0, 0, '2017-11-08', 0, 8, 8, 2, 0, 0, 0, 2000, 80, 0, 0, '2017-12-31 05:00:23', '2017-12-31 05:00:23'),
(196, 2, '', 0, 5, 0, 0, 0, '2017-11-03', 0, 8, 9, 2, 0, 0, 0, 1000, 40, 0, 0, '2017-12-31 05:07:43', '2017-12-31 05:07:43'),
(197, 2, '', 0, 5, 0, 0, 0, '2017-11-03', 0, 8, 9, 2, 0, 0, 0, 500, 20, 0, 0, '2017-12-31 05:07:53', '2017-12-31 05:07:53'),
(198, 2, '', 0, 5, 0, 0, 0, '2017-11-03', 0, 8, 9, 2, 0, 0, 0, 500, 20, 0, 0, '2017-12-31 05:09:59', '2017-12-31 05:09:59'),
(199, 2, '', 0, 5, 0, 0, 0, '2017-11-03', 0, 8, 9, 3, 0, 0, 0, 500, 20, 0, 0, '2017-12-31 05:10:05', '2017-12-31 05:10:05'),
(200, 2, '', 0, 5, 0, 0, 0, '2017-11-04', 0, 8, 9, 3, 0, 0, 0, 1500, 60, 0, 0, '2017-12-31 05:10:30', '2017-12-31 05:10:30'),
(202, 2, '', 0, 2, 0, 0, 0, '2017-12-20', 0, 8, 10, 3, 0, 0, 0, 960, 0, 0, 0, '2018-01-01 14:18:32', '2018-01-01 14:18:32'),
(203, 2, '', 0, 2, 0, 0, 0, '2017-12-21', 0, 8, 11, 2, 0, 0, 0, 450, 18, 0, 0, '2018-01-01 14:19:02', '2018-01-01 14:21:01'),
(204, 2, '', 0, 2, 0, 0, 0, '2017-12-27', 0, 8, 11, 2, 0, 0, 0, 2500, 100, 0, 0, '2018-01-01 14:19:36', '2018-01-01 14:22:16'),
(205, 2, '', 0, 2, 0, 0, 0, '2017-12-27', 0, 8, 11, 3, 0, 0, 0, 500, 20, 0, 0, '2018-01-01 14:19:46', '2018-01-01 14:22:51'),
(206, 2, '', 0, 2, 0, 0, 0, '2017-12-27', 0, 8, 11, 3, 0, 0, 0, 1350, 54, 0, 0, '2018-01-01 14:19:54', '2018-01-01 14:23:28'),
(207, 2, '', 0, 2, 0, 0, 0, '2017-12-28', 0, 8, 11, 1, 0, 0, 0, 1800, 72, 0, 0, '2018-01-01 14:20:11', '2018-01-01 14:23:59'),
(208, 2, '', 0, 2, 0, 0, 0, '2017-12-28', 0, 8, 11, 2, 0, 0, 0, 3000, 120, 0, 0, '2018-01-01 14:25:36', '2018-01-01 14:25:36'),
(209, 2, '', 0, 2, 0, 0, 0, '2017-12-28', 0, 8, 11, 3, 0, 0, 0, 650, 26, 0, 0, '2018-01-01 14:26:04', '2018-01-01 14:26:04'),
(210, 2, '', 0, 2, 0, 0, 0, '2017-12-28', 0, 8, 11, 3, 0, 0, 0, 1000, 40, 0, 0, '2018-01-01 14:26:12', '2018-01-01 14:27:27'),
(211, 2, '', 0, 2, 0, 0, 0, '2017-12-29', 0, 8, 11, 1, 0, 0, 0, 1000, 40, 0, 0, '2018-01-01 14:26:37', '2018-01-01 14:26:37'),
(212, 2, '', 0, 5, 0, 0, 0, '2017-12-13', 0, 8, 9, 2, 0, 0, 0, 1500, 60, 0, 0, '2018-01-01 14:29:32', '2018-01-01 14:32:22'),
(213, 2, '', 0, 5, 0, 0, 0, '2017-12-16', 0, 8, 9, 2, 0, 0, 0, 1000, 40, 0, 0, '2018-01-01 14:29:50', '2018-01-01 14:31:06'),
(214, 2, '', 0, 5, 0, 0, 0, '2017-12-16', 0, 8, 9, 3, 0, 0, 0, 500, 20, 0, 0, '2018-01-01 14:30:03', '2018-01-01 14:33:02'),
(215, 2, '', 0, 5, 0, 0, 0, '2017-12-17', 0, 8, 9, 1, 0, 0, 0, 250, 10, 0, 0, '2018-01-01 14:35:42', '2018-01-01 14:35:42'),
(216, 2, '', 0, 5, 0, 0, 0, '2017-12-17', 0, 8, 9, 1, 0, 0, 0, 500, 20, 0, 0, '2018-01-01 14:36:04', '2018-01-01 14:36:04'),
(217, 2, '', 0, 5, 0, 0, 0, '2017-12-18', 0, 8, 9, 3, 0, 0, 0, 975, 39, 0, 0, '2018-01-01 14:36:27', '2018-01-01 14:36:27'),
(218, 2, '', 0, 5, 0, 0, 0, '2017-12-19', 0, 8, 9, 1, 0, 0, 0, 2000, 80, 0, 0, '2018-01-01 14:36:49', '2018-01-01 14:39:14'),
(219, 2, '', 0, 5, 0, 0, 0, '2017-12-19', 0, 8, 9, 2, 0, 0, 0, 1400, 56, 0, 0, '2018-01-01 14:39:30', '2018-01-01 14:39:30'),
(220, 2, '', 0, 5, 0, 0, 0, '2017-12-19', 0, 8, 9, 2, 0, 0, 0, 1500, 60, 0, 0, '2018-01-01 14:39:44', '2018-01-01 14:39:44'),
(221, 2, '', 0, 2, 0, 0, 0, '2017-12-17', 0, 8, 12, 2, 0, 0, 0, 480, 0, 0, 0, '2018-01-01 14:40:17', '2018-01-01 14:40:17'),
(222, 2, '', 0, 2, 0, 0, 0, '2017-12-18', 0, 8, 12, 2, 0, 0, 0, 1440, 0, 0, 0, '2018-01-01 14:40:28', '2018-01-01 14:40:28'),
(223, 2, '', 0, 2, 0, 0, 0, '2017-12-18', 0, 8, 12, 2, 0, 0, 0, 480, 0, 0, 0, '2018-01-01 14:40:35', '2018-01-01 14:40:35'),
(224, 2, '', 0, 2, 0, 0, 0, '2017-12-19', 0, 8, 12, 1, 0, 0, 0, 960, 0, 0, 0, '2018-01-01 14:43:20', '2018-01-01 14:43:20'),
(225, 2, '', 0, 2, 0, 0, 0, '2017-12-28', 0, 8, 12, 2, 0, 0, 0, 960, 0, 0, 0, '2018-01-01 14:43:33', '2018-01-01 14:43:33'),
(226, 2, '', 0, 2, 0, 0, 0, '2017-12-31', 0, 8, 12, 1, 0, 0, 0, 1920, 0, 0, 0, '2018-01-01 14:43:55', '2018-01-01 14:43:55'),
(227, 2, '', 0, 2, 0, 0, 0, '2017-12-21', 0, 8, 6, 2, 0, 0, 0, 1000, 40, 0, 0, '2018-01-01 14:44:46', '2018-01-01 14:44:46'),
(228, 2, '', 0, 2, 0, 0, 0, '2017-12-27', 0, 8, 6, 2, 0, 0, 0, 1000, 40, 0, 0, '2018-01-01 14:44:55', '2018-01-01 14:44:55'),
(229, 2, '', 0, 2, 0, 0, 0, '2017-12-28', 0, 8, 6, 3, 0, 0, 0, 1000, 40, 0, 0, '2018-01-01 14:45:15', '2018-01-01 14:45:15'),
(230, 2, '', 0, 2, 0, 0, 0, '2017-12-16', 0, 8, 5, 2, 0, 0, 0, 750, 30, 0, 0, '2018-01-01 14:52:30', '2018-01-01 14:52:30'),
(231, 2, '', 0, 2, 0, 0, 0, '2017-12-16', 0, 8, 5, 2, 0, 0, 0, 500, 20, 0, 0, '2018-01-01 14:59:44', '2018-01-01 14:59:44'),
(232, 2, '', 0, 2, 0, 0, 0, '2017-12-16', 0, 8, 5, 3, 0, 0, 0, 1000, 40, 0, 0, '2018-01-01 15:00:06', '2018-01-01 15:00:06'),
(233, 2, '', 0, 2, 0, 0, 0, '2017-12-19', 0, 8, 5, 1, 0, 0, 0, 1000, 40, 0, 0, '2018-01-01 15:00:17', '2018-01-01 15:00:17'),
(234, 2, '', 0, 2, 0, 0, 0, '2017-12-19', 0, 8, 5, 2, 0, 0, 0, 1000, 40, 0, 0, '2018-01-01 15:01:37', '2018-01-01 15:01:37'),
(235, 2, '', 0, 2, 0, 0, 0, '2017-12-19', 0, 8, 5, 3, 0, 0, 0, 2000, 80, 0, 0, '2018-01-01 15:01:57', '2018-01-01 15:01:57'),
(236, 2, '', 0, 2, 0, 0, 0, '2017-12-19', 0, 8, 5, 3, 0, 0, 0, 1675, 67, 0, 0, '2018-01-01 15:02:17', '2018-01-01 15:02:17'),
(237, 2, '', 0, 2, 0, 0, 0, '2017-12-20', 0, 8, 5, 3, 0, 0, 0, 850, 34, 0, 0, '2018-01-01 15:02:43', '2018-01-01 15:02:43'),
(238, 2, '', 0, 2, 0, 0, 0, '2017-12-21', 0, 8, 5, 1, 0, 0, 0, 2700, 108, 0, 0, '2018-01-01 15:03:36', '2018-01-01 15:03:36'),
(239, 2, '', 0, 2, 0, 0, 0, '2017-12-21', 0, 8, 5, 2, 0, 0, 0, 1500, 60, 0, 0, '2018-01-01 15:03:52', '2018-01-01 15:03:52'),
(240, 2, '', 0, 2, 0, 0, 0, '2017-12-27', 0, 8, 5, 1, 0, 0, 0, 500, 20, 0, 0, '2018-01-01 15:26:13', '2018-01-01 15:26:13'),
(241, 2, '', 0, 2, 0, 0, 0, '2017-12-28', 0, 8, 5, 2, 0, 0, 0, 1500, 60, 0, 0, '2018-01-01 15:26:32', '2018-01-01 15:26:32'),
(242, 2, '', 0, 2, 0, 0, 0, '2017-12-28', 0, 8, 5, 3, 0, 0, 0, 500, 20, 0, 0, '2018-01-01 15:26:52', '2018-01-01 15:26:52'),
(243, 2, '', 0, 2, 0, 0, 0, '2017-12-28', 0, 8, 5, 3, 0, 0, 0, 500, 20, 0, 0, '2018-01-01 15:27:00', '2018-01-01 15:27:00'),
(244, 2, '', 0, 2, 0, 0, 0, '2017-12-29', 0, 8, 5, 1, 0, 0, 0, 1000, 40, 0, 0, '2018-01-01 15:27:17', '2018-01-01 15:29:05'),
(245, 2, '', 0, 2, 0, 0, 0, '2017-12-29', 0, 8, 5, 1, 0, 0, 0, 1500, 60, 0, 0, '2018-01-01 15:29:34', '2018-01-01 15:29:34'),
(246, 2, '', 0, 2, 0, 0, 0, '2017-12-29', 0, 8, 5, 1, 0, 0, 0, 1500, 60, 0, 0, '2018-01-01 15:29:38', '2018-01-01 15:29:38'),
(247, 2, '', 0, 2, 0, 0, 0, '2017-12-29', 0, 8, 5, 2, 0, 0, 0, 3000, 120, 0, 0, '2018-01-01 15:29:54', '2018-01-01 15:29:54'),
(248, 2, '', 0, 2, 0, 0, 0, '2017-12-29', 0, 8, 5, 3, 0, 0, 0, 1500, 60, 0, 0, '2018-01-01 15:30:04', '2018-01-01 15:30:04'),
(249, 2, '', 0, 2, 0, 0, 0, '2017-12-20', 0, 8, 3, 3, 0, 0, 0, 1035, 0, 0, 0, '2018-01-01 15:32:19', '2018-01-01 15:32:19'),
(250, 2, '', 0, 2, 0, 0, 0, '2017-12-30', 0, 8, 3, 1, 0, 0, 0, 960, 0, 0, 0, '2018-01-01 15:32:38', '2018-01-01 15:32:38'),
(251, 2, '', 0, 2, 0, 0, 0, '2017-12-30', 0, 8, 3, 1, 0, 0, 0, 4800, 0, 0, 0, '2018-01-01 15:32:44', '2018-01-01 15:32:44'),
(252, 2, '', 0, 2, 0, 0, 0, '2017-12-30', 0, 8, 3, 2, 0, 0, 0, 4320, 0, 0, 0, '2018-01-01 15:32:56', '2018-01-01 15:32:56'),
(253, 2, '', 0, 2, 0, 0, 0, '2017-12-30', 0, 8, 3, 3, 0, 0, 0, 1920, 0, 0, 0, '2018-01-01 15:33:08', '2018-01-01 15:33:08'),
(254, 2, '', 0, 2, 0, 0, 0, '2017-12-30', 0, 8, 3, 3, 0, 0, 0, 1440, 0, 0, 0, '2018-01-01 15:33:17', '2018-01-01 15:33:17'),
(255, 2, '', 0, 2, 0, 0, 0, '2017-12-31', 0, 8, 3, 1, 0, 0, 0, 960, 0, 0, 0, '2018-01-01 15:33:40', '2018-01-01 15:33:40'),
(256, 2, '', 0, 2, 0, 0, 0, '2017-12-31', 0, 8, 3, 1, 0, 0, 0, 3840, 0, 0, 0, '2018-01-01 15:33:53', '2018-01-01 15:33:53'),
(257, 2, '', 0, 1, 0, 0, 0, '2017-12-16', 0, 8, 2, 2, 0, 0, 0, 480, 0, 0, 0, '2018-01-01 15:34:28', '2018-01-01 15:34:28'),
(258, 2, '', 0, 1, 0, 0, 0, '2017-12-16', 0, 8, 2, 3, 0, 0, 0, 960, 0, 0, 0, '2018-01-01 15:34:40', '2018-01-01 15:34:40'),
(259, 2, '', 0, 1, 0, 0, 0, '2017-12-17', 0, 8, 2, 1, 0, 0, 0, 480, 0, 0, 0, '2018-01-01 15:34:54', '2018-01-01 15:34:54'),
(260, 2, '', 0, 1, 0, 0, 0, '2017-12-17', 0, 8, 2, 1, 0, 0, 0, 480, 0, 0, 0, '2018-01-01 15:35:02', '2018-01-01 15:35:02'),
(261, 2, '', 0, 1, 0, 0, 0, '2017-12-17', 0, 8, 2, 2, 0, 0, 0, 480, 0, 0, 0, '2018-01-01 15:35:10', '2018-01-01 15:35:10'),
(262, 2, '', 0, 1, 0, 0, 0, '2017-12-17', 0, 8, 2, 2, 0, 0, 0, 960, 0, 0, 0, '2018-01-01 15:35:19', '2018-01-01 15:35:19'),
(263, 2, '', 0, 1, 0, 0, 0, '2017-12-17', 0, 8, 2, 3, 0, 0, 0, 490, 0, 0, 0, '2018-01-01 15:35:28', '2018-01-01 15:35:28'),
(264, 2, '', 0, 1, 0, 0, 0, '2017-12-18', 0, 8, 2, 1, 0, 0, 0, 480, 0, 0, 0, '2018-01-01 15:35:47', '2018-01-01 15:35:47'),
(265, 2, '', 0, 1, 0, 0, 0, '2017-12-18', 0, 8, 2, 1, 0, 0, 0, 4830, 0, 0, 0, '2018-01-01 15:35:53', '2018-01-01 15:35:53'),
(266, 2, '', 0, 1, 0, 0, 0, '2017-12-18', 0, 8, 2, 2, 0, 0, 0, 384, 0, 0, 0, '2018-01-01 15:36:04', '2018-01-01 15:36:04'),
(267, 2, '', 0, 1, 0, 0, 0, '2017-12-18', 0, 8, 2, 2, 0, 0, 0, 480, 0, 0, 0, '2018-01-01 15:36:10', '2018-01-01 15:36:10'),
(268, 2, '', 0, 1, 0, 0, 0, '2017-12-18', 0, 8, 2, 3, 0, 0, 0, 980, 0, 0, 0, '2018-01-01 15:36:21', '2018-01-01 15:36:21'),
(269, 2, '', 0, 1, 0, 0, 0, '2017-12-18', 0, 8, 2, 3, 0, 0, 0, 960, 0, 0, 0, '2018-01-01 15:36:26', '2018-01-01 15:36:26'),
(270, 2, '', 0, 1, 0, 0, 0, '2017-12-18', 0, 8, 2, 3, 0, 0, 0, 490, 0, 0, 0, '2018-01-01 15:37:22', '2018-01-01 15:37:22'),
(271, 2, '', 0, 1, 0, 0, 0, '2017-12-18', 0, 8, 2, 3, 0, 0, 0, 1470, 0, 0, 0, '2018-01-01 15:37:31', '2018-01-01 15:37:31'),
(272, 2, '', 0, 1, 0, 0, 0, '2017-12-19', 0, 8, 2, 1, 0, 0, 0, 4808, 0, 0, 0, '2018-01-01 15:37:56', '2018-01-01 15:37:56'),
(273, 2, '', 0, 1, 0, 0, 0, '2017-12-19', 0, 8, 2, 2, 0, 0, 0, 48, 0, 0, 0, '2018-01-01 15:38:03', '2018-01-01 15:38:03'),
(274, 2, '', 0, 1, 0, 0, 0, '2017-12-19', 0, 8, 2, 2, 0, 0, 0, 3312, 0, 0, 0, '2018-01-01 15:38:27', '2018-01-01 15:38:27'),
(275, 2, '', 0, 1, 0, 0, 0, '2017-12-19', 0, 8, 2, 3, 0, 0, 0, 960, 0, 0, 0, '2018-01-01 15:38:35', '2018-01-01 15:38:35'),
(276, 2, '', 0, 1, 0, 0, 0, '2017-12-19', 0, 8, 2, 3, 0, 0, 0, 740, 0, 0, 0, '2018-01-01 15:38:41', '2018-01-01 15:38:41'),
(277, 2, '', 0, 1, 0, 0, 0, '2017-12-19', 0, 8, 2, 3, 0, 0, 0, 960, 0, 0, 0, '2018-01-01 15:38:54', '2018-01-01 15:38:54'),
(278, 2, '', 0, 1, 0, 0, 0, '2017-12-19', 0, 8, 2, 3, 0, 0, 0, 480, 0, 0, 0, '2018-01-01 15:39:03', '2018-01-01 15:39:03'),
(279, 2, '', 0, 1, 0, 0, 0, '2017-12-20', 0, 8, 2, 1, 0, 0, 0, 480, 0, 0, 0, '2018-01-01 15:39:17', '2018-01-01 15:40:31'),
(280, 2, '', 0, 1, 0, 0, 0, '2017-12-20', 0, 8, 2, 1, 0, 0, 0, 2880, 0, 0, 0, '2018-01-01 15:42:18', '2018-01-01 15:43:22'),
(281, 2, '', 0, 1, 0, 0, 0, '2017-12-20', 0, 8, 2, 2, 0, 0, 0, 2880, 0, 0, 0, '2018-01-01 15:43:37', '2018-01-01 15:43:37'),
(282, 2, '', 0, 1, 0, 0, 0, '2017-12-20', 0, 8, 2, 2, 0, 0, 0, 2400, 0, 0, 0, '2018-01-01 15:43:55', '2018-01-01 15:43:55'),
(283, 2, '', 0, 1, 0, 0, 0, '2017-12-20', 0, 8, 2, 2, 0, 0, 0, 2400, 0, 0, 0, '2018-01-01 15:43:58', '2018-01-01 15:43:58'),
(284, 2, '', 0, 1, 0, 0, 0, '2017-12-20', 0, 8, 2, 3, 0, 0, 0, 848, 0, 0, 0, '2018-01-01 15:45:27', '2018-01-01 15:45:27'),
(285, 2, '', 0, 1, 0, 0, 0, '2017-12-21', 0, 8, 2, 1, 0, 0, 0, 4388, 0, 0, 0, '2018-01-01 15:45:43', '2018-01-01 15:45:43'),
(286, 2, '', 0, 1, 0, 0, 0, '2017-12-21', 0, 8, 2, 2, 0, 0, 0, 480, 0, 0, 0, '2018-01-01 15:46:05', '2018-01-01 15:46:05'),
(287, 2, '', 0, 1, 0, 0, 0, '2017-12-26', 0, 8, 2, 2, 0, 0, 0, 1960, 0, 0, 0, '2018-01-01 15:46:28', '2018-01-01 15:46:28'),
(288, 2, '', 0, 1, 0, 0, 0, '2017-12-26', 0, 8, 2, 2, 0, 0, 0, 1360, 0, 0, 0, '2018-01-01 15:46:35', '2018-01-01 15:46:35'),
(289, 2, '', 0, 1, 0, 0, 0, '2017-12-27', 0, 8, 2, 1, 0, 0, 0, 480, 0, 0, 0, '2018-01-01 15:46:51', '2018-01-01 15:46:51'),
(290, 2, '', 0, 1, 0, 0, 0, '2017-12-27', 0, 8, 2, 1, 0, 0, 0, 960, 0, 0, 0, '2018-01-01 15:46:57', '2018-01-01 15:46:57'),
(291, 2, '', 0, 1, 0, 0, 0, '2017-12-27', 0, 8, 2, 1, 0, 0, 0, 1440, 0, 0, 0, '2018-01-01 15:47:05', '2018-01-01 15:47:05'),
(292, 2, '', 0, 1, 0, 0, 0, '2017-12-27', 0, 8, 2, 2, 0, 0, 0, 490, 0, 0, 0, '2018-01-01 15:47:14', '2018-01-01 15:47:14'),
(293, 2, '', 0, 1, 0, 0, 0, '2017-12-27', 0, 8, 2, 3, 0, 0, 0, 480, 0, 0, 0, '2018-01-01 15:47:22', '2018-01-01 15:47:22'),
(294, 2, '', 0, 1, 0, 0, 0, '2017-12-27', 0, 8, 2, 3, 0, 0, 0, 1920, 0, 0, 0, '2018-01-01 15:47:26', '2018-01-01 15:47:26'),
(295, 2, '', 0, 1, 0, 0, 0, '2017-12-28', 0, 8, 2, 1, 0, 0, 0, 4628, 0, 0, 0, '2018-01-01 15:47:43', '2018-01-01 15:47:43'),
(296, 2, '', 0, 1, 0, 0, 0, '2017-12-28', 0, 8, 2, 1, 0, 0, 0, 4340, 0, 0, 0, '2018-01-01 15:47:49', '2018-01-01 15:47:49'),
(297, 2, '', 0, 1, 0, 0, 0, '2017-12-28', 0, 8, 2, 2, 0, 0, 0, 1440, 0, 0, 0, '2018-01-01 15:48:02', '2018-01-01 15:48:02'),
(298, 2, '', 0, 1, 0, 0, 0, '2017-12-28', 0, 8, 2, 2, 0, 0, 0, 960, 0, 0, 0, '2018-01-01 15:48:08', '2018-01-01 15:48:08'),
(299, 2, '', 0, 1, 0, 0, 0, '2017-12-28', 0, 8, 2, 2, 0, 0, 0, 432, 0, 0, 0, '2018-01-01 15:48:14', '2018-01-01 15:48:14'),
(300, 2, '', 0, 1, 0, 0, 0, '2017-12-28', 0, 8, 2, 3, 0, 0, 0, 960, 0, 0, 0, '2018-01-01 15:48:29', '2018-01-01 15:48:29'),
(301, 2, '', 0, 1, 0, 0, 0, '2017-12-29', 0, 8, 2, 1, 0, 0, 0, 480, 0, 0, 0, '2018-01-01 15:48:42', '2018-01-01 15:48:42'),
(302, 2, '', 0, 1, 0, 0, 0, '2017-12-29', 0, 8, 2, 1, 0, 0, 0, 480, 0, 0, 0, '2018-01-01 15:48:47', '2018-01-01 15:48:47'),
(303, 2, '', 0, 1, 0, 0, 0, '2017-12-30', 0, 8, 2, 2, 0, 0, 0, 4320, 0, 0, 0, '2018-01-01 15:49:03', '2018-01-01 15:49:03'),
(304, 2, '', 0, 1, 0, 0, 0, '2017-12-30', 0, 8, 2, 3, 0, 0, 0, 1920, 0, 0, 0, '2018-01-01 15:49:11', '2018-01-01 15:49:11'),
(305, 2, '', 0, 1, 0, 0, 0, '2017-12-30', 0, 8, 2, 3, 0, 0, 0, 1920, 0, 0, 0, '2018-01-01 15:49:16', '2018-01-01 15:49:16'),
(306, 2, '', 0, 1, 0, 0, 0, '2017-12-31', 0, 8, 2, 1, 0, 0, 0, 480, 0, 0, 0, '2018-01-01 15:49:35', '2018-01-01 15:49:35');

-- --------------------------------------------------------

--
-- Table structure for table `destination`
--

CREATE TABLE `destination` (
  `id` int(11) NOT NULL,
  `from` varchar(500) NOT NULL,
  `to` varchar(500) NOT NULL,
  `date_created` datetime NOT NULL,
  `date_modified` datetime NOT NULL
) ENGINE=InnoDB DEFAULT CHARSET=latin1;

--
-- Dumping data for table `destination`
--

INSERT INTO `destination` (`id`, `from`, `to`, `date_created`, `date_modified`) VALUES
(2, 'Warehouse', 'Pier', '2017-12-30 12:16:31', '2017-12-30 12:16:31'),
(3, 'Warehouse', 'Jetty', '2017-12-30 12:16:47', '2017-12-30 12:16:47'),
(5, 'Packhouse', 'Pier', '2017-12-30 12:20:49', '2017-12-30 12:20:49'),
(6, 'Packhouse', 'Jetty', '2017-12-31 02:44:02', '2017-12-31 02:44:02'),
(7, 'Packhouse', 'Warehouse', '2017-12-31 02:44:35', '2017-12-31 02:44:35'),
(8, 'Line 2', 'Jetty', '2017-12-31 04:56:16', '2017-12-31 04:56:16'),
(9, 'Line 2', 'Pier', '2017-12-31 04:56:32', '2017-12-31 04:56:32'),
(10, 'Warehouse', 'Beach pad-3', '2018-01-01 14:15:51', '2018-01-01 17:22:08'),
(11, 'Packhouse', 'Beach pad-3', '2018-01-01 14:16:13', '2018-01-01 17:22:29'),
(12, 'Jetty', 'Pier', '2018-01-01 14:16:31', '2018-01-01 17:22:45');

-- --------------------------------------------------------

--
-- Table structure for table `load_area`
--

CREATE TABLE `load_area` (
  `id` int(11) NOT NULL,
  `name` varchar(500) NOT NULL,
  `date_created` int(11) NOT NULL,
  `date_modified` int(11) NOT NULL
) ENGINE=InnoDB DEFAULT CHARSET=latin1;

--
-- Dumping data for table `load_area`
--

INSERT INTO `load_area` (`id`, `name`, `date_created`, `date_modified`) VALUES
(2, 'PH TONNER AREA', 2017, 2017),
(3, 'LINE 2 TONNER AREA', 2017, 2017),
(5, 'BEACH-PAD 3', 2017, 2017);

-- --------------------------------------------------------

--
-- Table structure for table `material`
--

CREATE TABLE `material` (
  `id` int(11) NOT NULL,
  `name` varchar(1000) NOT NULL,
  `description` varchar(1000) NOT NULL,
  `date_created` datetime NOT NULL,
  `date_modified` datetime NOT NULL
) ENGINE=InnoDB DEFAULT CHARSET=latin1;

--
-- Dumping data for table `material`
--

INSERT INTO `material` (`id`, `name`, `description`, `date_created`, `date_modified`) VALUES
(2, 'CLINKER', '', '2017-12-30 14:21:24', '2017-12-30 14:21:24'),
(3, 'INDO COAL', '', '2017-12-30 13:41:38', '2017-12-30 13:41:38');

-- --------------------------------------------------------

--
-- Table structure for table `rate`
--

CREATE TABLE `rate` (
  `id` int(11) NOT NULL,
  `amount` double NOT NULL,
  `date_created` datetime NOT NULL,
  `date_modified` datetime NOT NULL
) ENGINE=InnoDB DEFAULT CHARSET=latin1;

--
-- Dumping data for table `rate`
--

INSERT INTO `rate` (`id`, `amount`, `date_created`, `date_modified`) VALUES
(1, 0.29, '2017-12-30 15:07:05', '2017-12-30 15:07:05'),
(2, 0.52, '2017-12-30 15:07:21', '2017-12-30 15:07:21'),
(5, 0.8, '2017-12-30 14:23:06', '2017-12-30 14:23:06');

-- --------------------------------------------------------

--
-- Table structure for table `shift`
--

CREATE TABLE `shift` (
  `id` int(11) NOT NULL,
  `name` varchar(100) NOT NULL,
  `date_created` datetime NOT NULL,
  `date_modified` datetime NOT NULL
) ENGINE=InnoDB DEFAULT CHARSET=latin1;

--
-- Dumping data for table `shift`
--

INSERT INTO `shift` (`id`, `name`, `date_created`, `date_modified`) VALUES
(1, '1st', '2017-12-30 12:26:50', '2017-12-30 12:26:50'),
(2, '2nd', '2017-12-30 12:28:16', '2017-12-30 12:30:28'),
(3, '3rd', '2017-12-30 12:28:57', '2017-12-30 12:28:57');

-- --------------------------------------------------------

--
-- Table structure for table `source`
--

CREATE TABLE `source` (
  `id` int(11) NOT NULL,
  `name` varchar(1000) NOT NULL,
  `date_created` datetime NOT NULL,
  `date_modified` datetime NOT NULL
) ENGINE=InnoDB DEFAULT CHARSET=latin1;

-- --------------------------------------------------------

--
-- Table structure for table `truck`
--

CREATE TABLE `truck` (
  `id` int(11) NOT NULL,
  `name` varchar(10) NOT NULL,
  `code` varchar(10) NOT NULL,
  `capacity` double NOT NULL,
  `date_created` datetime NOT NULL,
  `date_modified` datetime NOT NULL
) ENGINE=InnoDB DEFAULT CHARSET=latin1;

--
-- Dumping data for table `truck`
--

INSERT INTO `truck` (`id`, `name`, `code`, `capacity`, `date_created`, `date_modified`) VALUES
(1, 'YFF 982', 'MRDT 01', 14, '2017-12-17 00:00:00', '2017-12-17 00:00:00'),
(2, 'UKN 889', 'MRDT 02', 14, '2017-12-17 00:00:00', '2017-12-17 00:00:00'),
(3, 'RFH 353', 'MRDT 03', 15, '2017-12-17 00:00:00', '2017-12-17 00:00:00');

-- --------------------------------------------------------

--
-- Table structure for table `users`
--

CREATE TABLE `users` (
  `id` int(11) NOT NULL,
  `type` int(11) NOT NULL,
  `username` varchar(100) NOT NULL,
  `password` varchar(100) NOT NULL,
  `date_created` datetime NOT NULL,
  `date_modified` datetime NOT NULL
) ENGINE=InnoDB DEFAULT CHARSET=latin1;

--
-- Dumping data for table `users`
--

INSERT INTO `users` (`id`, `type`, `username`, `password`, `date_created`, `date_modified`) VALUES
(1, 1, 'mcb', 'password', '2017-12-25 00:00:00', '2017-12-25 00:00:00');

-- --------------------------------------------------------

--
-- Table structure for table `vessel`
--

CREATE TABLE `vessel` (
  `id` int(11) NOT NULL,
  `name` varchar(1000) NOT NULL,
  `date_created` int(11) NOT NULL,
  `date_modified` int(11) NOT NULL
) ENGINE=InnoDB DEFAULT CHARSET=latin1;

--
-- Dumping data for table `vessel`
--

INSERT INTO `vessel` (`id`, `name`, `date_created`, `date_modified`) VALUES
(3, 'test', 2017, 2017);

--
-- Indexes for dumped tables
--

--
-- Indexes for table `billing`
--
ALTER TABLE `billing`
  ADD PRIMARY KEY (`id`);

--
-- Indexes for table `company`
--
ALTER TABLE `company`
  ADD PRIMARY KEY (`id`);

--
-- Indexes for table `deductions`
--
ALTER TABLE `deductions`
  ADD PRIMARY KEY (`id`);

--
-- Indexes for table `deliveries`
--
ALTER TABLE `deliveries`
  ADD PRIMARY KEY (`id`);

--
-- Indexes for table `destination`
--
ALTER TABLE `destination`
  ADD PRIMARY KEY (`id`);

--
-- Indexes for table `load_area`
--
ALTER TABLE `load_area`
  ADD PRIMARY KEY (`id`);

--
-- Indexes for table `material`
--
ALTER TABLE `material`
  ADD PRIMARY KEY (`id`);

--
-- Indexes for table `rate`
--
ALTER TABLE `rate`
  ADD PRIMARY KEY (`id`);

--
-- Indexes for table `shift`
--
ALTER TABLE `shift`
  ADD PRIMARY KEY (`id`);

--
-- Indexes for table `source`
--
ALTER TABLE `source`
  ADD PRIMARY KEY (`id`);

--
-- Indexes for table `truck`
--
ALTER TABLE `truck`
  ADD PRIMARY KEY (`id`);

--
-- Indexes for table `users`
--
ALTER TABLE `users`
  ADD PRIMARY KEY (`id`);

--
-- Indexes for table `vessel`
--
ALTER TABLE `vessel`
  ADD PRIMARY KEY (`id`);

--
-- AUTO_INCREMENT for dumped tables
--

--
-- AUTO_INCREMENT for table `billing`
--
ALTER TABLE `billing`
  MODIFY `id` int(11) NOT NULL AUTO_INCREMENT;
--
-- AUTO_INCREMENT for table `company`
--
ALTER TABLE `company`
  MODIFY `id` int(11) NOT NULL AUTO_INCREMENT, AUTO_INCREMENT=9;
--
-- AUTO_INCREMENT for table `deductions`
--
ALTER TABLE `deductions`
  MODIFY `id` int(11) NOT NULL AUTO_INCREMENT, AUTO_INCREMENT=7;
--
-- AUTO_INCREMENT for table `deliveries`
--
ALTER TABLE `deliveries`
  MODIFY `id` int(11) NOT NULL AUTO_INCREMENT, AUTO_INCREMENT=307;
--
-- AUTO_INCREMENT for table `destination`
--
ALTER TABLE `destination`
  MODIFY `id` int(11) NOT NULL AUTO_INCREMENT, AUTO_INCREMENT=13;
--
-- AUTO_INCREMENT for table `load_area`
--
ALTER TABLE `load_area`
  MODIFY `id` int(11) NOT NULL AUTO_INCREMENT, AUTO_INCREMENT=6;
--
-- AUTO_INCREMENT for table `material`
--
ALTER TABLE `material`
  MODIFY `id` int(11) NOT NULL AUTO_INCREMENT, AUTO_INCREMENT=4;
--
-- AUTO_INCREMENT for table `rate`
--
ALTER TABLE `rate`
  MODIFY `id` int(11) NOT NULL AUTO_INCREMENT, AUTO_INCREMENT=6;
--
-- AUTO_INCREMENT for table `shift`
--
ALTER TABLE `shift`
  MODIFY `id` int(11) NOT NULL AUTO_INCREMENT, AUTO_INCREMENT=7;
--
-- AUTO_INCREMENT for table `source`
--
ALTER TABLE `source`
  MODIFY `id` int(11) NOT NULL AUTO_INCREMENT;
--
-- AUTO_INCREMENT for table `truck`
--
ALTER TABLE `truck`
  MODIFY `id` int(11) NOT NULL AUTO_INCREMENT, AUTO_INCREMENT=4;
--
-- AUTO_INCREMENT for table `users`
--
ALTER TABLE `users`
  MODIFY `id` int(11) NOT NULL AUTO_INCREMENT, AUTO_INCREMENT=2;
--
-- AUTO_INCREMENT for table `vessel`
--
ALTER TABLE `vessel`
  MODIFY `id` int(11) NOT NULL AUTO_INCREMENT, AUTO_INCREMENT=4;
/*!40101 SET CHARACTER_SET_CLIENT=@OLD_CHARACTER_SET_CLIENT */;
/*!40101 SET CHARACTER_SET_RESULTS=@OLD_CHARACTER_SET_RESULTS */;
/*!40101 SET COLLATION_CONNECTION=@OLD_COLLATION_CONNECTION */;
