-- phpMyAdmin SQL Dump
-- version 4.6.4
-- https://www.phpmyadmin.net/
--
-- Host: fdb19.your-hosting.net
-- Generation Time: Jul 15, 2018 at 12:12 PM
-- Server version: 5.7.20-log
-- PHP Version: 5.5.38

SET SQL_MODE = "NO_AUTO_VALUE_ON_ZERO";
SET time_zone = "+00:00";


/*!40101 SET @OLD_CHARACTER_SET_CLIENT=@@CHARACTER_SET_CLIENT */;
/*!40101 SET @OLD_CHARACTER_SET_RESULTS=@@CHARACTER_SET_RESULTS */;
/*!40101 SET @OLD_COLLATION_CONNECTION=@@COLLATION_CONNECTION */;
/*!40101 SET NAMES utf8mb4 */;

--
-- Database: `2564343_mcb`
--

-- --------------------------------------------------------

--
-- Table structure for table `billing`
--

CREATE TABLE `billing` (
  `id` int(11) NOT NULL,
  `ref_no` varchar(20) NOT NULL,
  `start_date` date NOT NULL,
  `end_date` date NOT NULL,
  `company_id` int(11) NOT NULL,
  `date_created` date NOT NULL,
  `date_modified` date NOT NULL
) ENGINE=InnoDB DEFAULT CHARSET=latin1;

--
-- Dumping data for table `billing`
--

INSERT INTO `billing` (`id`, `ref_no`, `start_date`, `end_date`, `company_id`, `date_created`, `date_modified`) VALUES
(1, 'VFT0E8KMLA', '2017-08-16', '2017-08-31', 1, '2018-01-06', '2018-01-06'),
(2, 'ZG0V6JUFDG', '2017-11-01', '2017-11-15', 8, '2018-01-06', '2018-01-06'),
(3, 'RF3GCXZODY', '2017-12-16', '2017-12-31', 8, '2018-01-06', '2018-01-06'),
(4, 'HBY8CCAIVZ', '2017-12-15', '2017-12-31', 1, '2018-01-31', '2018-01-31'),
(5, 'SWBXJ4EZZV', '2017-12-16', '2017-12-31', 1, '2018-02-07', '2018-02-07'),
(6, 'IOFMV5B2SX', '2017-11-16', '2017-11-30', 1, '2018-02-07', '2018-02-07'),
(8, 'ZJRVEOY26R', '2018-01-01', '2018-01-15', 1, '2018-02-07', '2018-02-07'),
(9, 'G3BIM7ZRNC', '2018-01-01', '2018-01-15', 8, '2018-02-07', '2018-02-07'),
(10, 'N2YE9W750M', '2018-02-16', '2018-02-28', 1, '2018-03-04', '2018-03-04'),
(11, 'HOB5MUP4V8', '2018-02-01', '2018-02-28', 1, '2018-06-05', '2018-06-05'),
(13, 'ZGUV2YE1EX', '2018-04-01', '2018-04-30', 1, '2018-06-05', '2018-06-05'),
(15, '0HDULPOYTI', '2018-03-01', '2018-03-09', 1, '2018-06-05', '2018-06-05'),
(16, 'KKGOFZSUOX', '2018-05-01', '2018-05-15', 1, '2018-06-07', '2018-06-07'),
(17, 'VNMTEOBAOZ', '2018-05-16', '2018-05-31', 1, '2018-06-07', '2018-06-07'),
(18, 'BQHULQX48S', '2018-06-01', '2018-06-30', 1, '2018-07-03', '2018-07-03');

-- --------------------------------------------------------

--
-- Table structure for table `company`
--

CREATE TABLE `company` (
  `id` int(11) NOT NULL,
  `form_type` tinyint(4) NOT NULL,
  `name` varchar(1000) NOT NULL,
  `description` text NOT NULL,
  `address` text NOT NULL,
  `date_created` datetime NOT NULL,
  `date_modified` datetime NOT NULL
) ENGINE=InnoDB DEFAULT CHARSET=latin1;

--
-- Dumping data for table `company`
--

INSERT INTO `company` (`id`, `form_type`, `name`, `description`, `address`, `date_created`, `date_modified`) VALUES
(1, 1, 'Jomara Konstruckt Corporation		', '', 'Jomara Bldg., Poblacion Ward III,		\r\nMinglanilla, Cebu		\r\n', '2017-12-18 00:00:00', '2017-12-18 00:00:00'),
(8, 2, 'NATIDOME CORP. (FLATBID-HOLCIM)', '', 'Manticao, Misamis Oriental', '2017-12-30 15:21:18', '2017-12-30 15:21:18'),
(9, 2, 'Fortsteel Cargo Integrators, Inc', '', 'Northern Mindanao Lugait Branch', '2018-01-02 05:10:23', '2018-01-02 05:10:23');

-- --------------------------------------------------------

--
-- Table structure for table `deductions`
--

CREATE TABLE `deductions` (
  `id` int(11) NOT NULL,
  `billing_id` int(11) NOT NULL,
  `type` tinyint(4) NOT NULL DEFAULT '1',
  `truck_id` int(11) NOT NULL,
  `company_id` int(11) NOT NULL,
  `dwf` varchar(100) NOT NULL,
  `date` date NOT NULL,
  `liters` double NOT NULL,
  `rate` double NOT NULL,
  `amount` double NOT NULL,
  `date_created` datetime NOT NULL,
  `date_modified` datetime NOT NULL
) ENGINE=InnoDB DEFAULT CHARSET=latin1;

--
-- Dumping data for table `deductions`
--

INSERT INTO `deductions` (`id`, `billing_id`, `type`, `truck_id`, `company_id`, `dwf`, `date`, `liters`, `rate`, `amount`, `date_created`, `date_modified`) VALUES
(1, 1, 1, 1, 1, '2956', '2017-08-22', 100, 31.57, 3157, '2017-12-25 00:00:00', '2017-12-25 00:00:00'),
(2, 1, 1, 2, 1, '2959', '2017-08-24', 100, 31.57, 3157, '2017-12-25 00:00:00', '2017-12-25 00:00:00'),
(3, 1, 1, 2, 1, '', '2017-08-30', 100, 33.32, 3332, '2017-12-25 10:03:47', '2017-12-25 10:03:47'),
(4, 1, 1, 3, 1, '', '2017-08-20', 100, 33.3, 3330, '2017-12-25 10:08:21', '2017-12-25 10:43:45'),
(5, 1, 1, 3, 1, '', '2017-08-24', 100, 31.57, 3157, '2017-12-25 10:12:20', '2017-12-25 10:12:20'),
(6, 1, 1, 3, 1, '', '2017-08-30', 100, 33.32, 3332, '2017-12-25 10:14:12', '2017-12-25 10:44:28');

-- --------------------------------------------------------

--
-- Table structure for table `deliveries`
--

CREATE TABLE `deliveries` (
  `id` int(11) NOT NULL,
  `billing_id` int(11) NOT NULL,
  `form_type` tinyint(4) NOT NULL DEFAULT '1',
  `ticket_no` varchar(500) NOT NULL,
  `rate_per_cubic_meter` double NOT NULL,
  `rate_id` double NOT NULL,
  `capacity` double NOT NULL,
  `kilometers` double NOT NULL,
  `amount` double NOT NULL,
  `date` date NOT NULL,
  `truck_id` int(11) NOT NULL,
  `company_id` int(11) NOT NULL,
  `destination_id` int(11) NOT NULL,
  `shift_id` int(11) NOT NULL,
  `load_area_id` int(11) NOT NULL,
  `material_id` int(11) NOT NULL,
  `source_id` int(11) NOT NULL,
  `no_of_bags` int(11) NOT NULL,
  `flecon_bags` double NOT NULL,
  `no_of_trips` int(11) NOT NULL,
  `total` double NOT NULL,
  `above` tinyint(1) NOT NULL DEFAULT '0',
  `date_created` datetime NOT NULL,
  `date_modified` datetime NOT NULL
) ENGINE=InnoDB DEFAULT CHARSET=latin1;

--
-- Dumping data for table `deliveries`
--

INSERT INTO `deliveries` (`id`, `billing_id`, `form_type`, `ticket_no`, `rate_per_cubic_meter`, `rate_id`, `capacity`, `kilometers`, `amount`, `date`, `truck_id`, `company_id`, `destination_id`, `shift_id`, `load_area_id`, `material_id`, `source_id`, `no_of_bags`, `flecon_bags`, `no_of_trips`, `total`, `above`, `date_created`, `date_modified`) VALUES
(2, 1, 1, '020893', 20, 0, 14, 2.5, 700, '2017-08-21', 1, 1, 0, 0, 0, 0, 0, 0, 0, 0, 0, 0, '2017-12-23 10:32:27', '2017-12-23 10:32:27'),
(3, 1, 1, '020899', 20, 0, 14, 2.5, 700, '2017-08-21', 1, 1, 0, 0, 0, 0, 0, 0, 0, 0, 0, 0, '2017-12-23 11:09:45', '2017-12-23 11:09:45'),
(4, 1, 1, '020907', 20, 0, 14, 2.5, 700, '2017-08-21', 1, 1, 0, 0, 0, 0, 0, 0, 0, 0, 0, 0, '2017-12-23 11:33:44', '2017-12-23 11:33:44'),
(5, 1, 1, '020909', 20, 0, 14, 2.5, 700, '2017-08-21', 1, 1, 0, 0, 0, 0, 0, 0, 0, 0, 0, 0, '2017-12-23 11:38:55', '2017-12-23 11:38:55'),
(6, 1, 1, '020914', 20, 0, 14, 2.5, 700, '2017-08-21', 1, 1, 0, 0, 0, 0, 0, 0, 0, 0, 0, 0, '2017-12-23 11:39:23', '2017-12-23 11:39:23'),
(7, 1, 1, '020922', 20, 0, 14, 2.5, 700, '2017-08-21', 1, 1, 0, 0, 0, 0, 0, 0, 0, 0, 0, 0, '2017-12-23 11:39:45', '2017-12-23 11:39:45'),
(8, 1, 1, '020926', 20, 0, 14, 2.5, 700, '2017-08-21', 1, 1, 0, 0, 0, 0, 0, 0, 0, 0, 0, 0, '2017-12-23 11:40:09', '2017-12-23 11:40:09'),
(9, 1, 1, '020931', 20, 0, 14, 2.5, 700, '2017-08-21', 1, 1, 0, 0, 0, 0, 0, 0, 0, 0, 0, 0, '2017-12-23 11:40:28', '2017-12-23 11:40:28'),
(10, 1, 1, '020816', 20, 0, 14, 2.5, 700, '2017-08-22', 1, 1, 0, 0, 0, 0, 0, 0, 0, 0, 0, 0, '2017-12-23 11:42:17', '2017-12-23 11:42:17'),
(11, 1, 1, '020822', 20, 0, 14, 2.5, 700, '2017-08-22', 1, 1, 0, 0, 0, 0, 0, 0, 0, 0, 0, 0, '2017-12-23 11:42:41', '2017-12-23 11:42:41'),
(12, 1, 1, '020828', 20, 0, 14, 2.5, 700, '2017-08-22', 1, 1, 0, 0, 0, 0, 0, 0, 0, 0, 0, 0, '2017-12-23 11:43:26', '2017-12-23 11:43:26'),
(13, 1, 1, '020835', 20, 0, 14, 2.5, 700, '2017-08-22', 1, 1, 0, 0, 0, 0, 0, 0, 0, 0, 0, 0, '2017-12-23 11:44:04', '2017-12-23 11:44:04'),
(14, 1, 1, '020841', 20, 0, 14, 2.5, 700, '2017-08-22', 1, 1, 0, 0, 0, 0, 0, 0, 0, 0, 0, 0, '2017-12-23 11:44:33', '2017-12-23 11:44:33'),
(15, 1, 1, '020938', 20, 0, 14, 2.5, 700, '2017-08-22', 1, 1, 0, 0, 0, 0, 0, 0, 0, 0, 0, 0, '2017-12-23 11:45:00', '2017-12-23 11:45:00'),
(16, 1, 1, '020943', 20, 0, 14, 2.5, 700, '2017-08-22', 1, 1, 0, 0, 0, 0, 0, 0, 0, 0, 0, 0, '2017-12-23 11:45:24', '2017-12-23 11:45:24'),
(17, 1, 1, '020949', 20, 0, 14, 2.5, 700, '2017-08-22', 1, 1, 0, 0, 0, 0, 0, 0, 0, 0, 0, 0, '2017-12-23 11:45:50', '2017-12-23 11:45:50'),
(18, 1, 1, '021753', 20, 0, 14, 2.5, 700, '2017-08-23', 1, 1, 0, 0, 0, 0, 0, 0, 0, 0, 0, 0, '2017-12-23 11:46:46', '2017-12-23 11:46:46'),
(19, 1, 1, '021761', 20, 0, 14, 2.5, 700, '2017-08-23', 1, 1, 0, 0, 0, 0, 0, 0, 0, 0, 0, 0, '2017-12-23 11:47:32', '2017-12-23 11:47:32'),
(20, 1, 1, '021767', 20, 0, 14, 2.5, 700, '2017-08-23', 1, 1, 0, 0, 0, 0, 0, 0, 0, 0, 0, 0, '2017-12-23 11:48:26', '2017-12-23 11:48:26'),
(21, 1, 1, '021776', 20, 0, 14, 2.5, 700, '2017-08-23', 1, 1, 0, 0, 0, 0, 0, 0, 0, 0, 0, 0, '2017-12-23 11:48:53', '2017-12-23 11:48:53'),
(22, 1, 1, '021780', 20, 0, 14, 2.5, 700, '2017-08-23', 1, 1, 0, 0, 0, 0, 0, 0, 0, 0, 0, 0, '2017-12-23 11:49:06', '2017-12-23 11:49:06'),
(23, 1, 1, '020813', 20, 0, 14, 2.5, 700, '2017-08-22', 2, 1, 0, 0, 0, 0, 0, 0, 0, 0, 0, 0, '2017-12-23 11:50:15', '2017-12-23 12:06:07'),
(24, 1, 1, '020820', 20, 0, 14, 2.5, 700, '2017-08-22', 2, 1, 0, 0, 0, 0, 0, 0, 0, 0, 0, 0, '2017-12-23 11:50:59', '2017-12-23 12:08:27'),
(25, 1, 1, '020826', 20, 0, 14, 2.5, 700, '2017-08-22', 2, 1, 0, 0, 0, 0, 0, 0, 0, 0, 0, 0, '2017-12-23 11:51:35', '2017-12-23 12:08:41'),
(26, 1, 1, '020834', 20, 0, 14, 2.5, 700, '2017-08-22', 2, 1, 0, 0, 0, 0, 0, 0, 0, 0, 0, 0, '2017-12-23 11:52:10', '2017-12-23 12:08:50'),
(27, 1, 1, '020840', 20, 0, 14, 2.5, 700, '2017-08-22', 2, 1, 0, 0, 0, 0, 0, 0, 0, 0, 0, 0, '2017-12-23 11:52:23', '2017-12-23 12:09:20'),
(28, 1, 1, '020846', 20, 0, 14, 2.5, 700, '2017-08-22', 2, 1, 0, 0, 0, 0, 0, 0, 0, 0, 0, 0, '2017-12-23 11:52:47', '2017-12-23 12:09:42'),
(29, 1, 1, '020939', 20, 0, 14, 2.5, 700, '2017-08-22', 2, 1, 0, 0, 0, 0, 0, 0, 0, 0, 0, 0, '2017-12-23 11:53:05', '2017-12-23 12:09:54'),
(30, 1, 1, '020944', 20, 0, 14, 2.5, 700, '2017-08-22', 2, 1, 0, 0, 0, 0, 0, 0, 0, 0, 0, 0, '2017-12-23 11:53:27', '2017-12-23 12:10:02'),
(31, 1, 1, '021756', 20, 0, 14, 2.5, 700, '2017-08-23', 2, 1, 0, 0, 0, 0, 0, 0, 0, 0, 0, 0, '2017-12-23 11:55:35', '2017-12-23 12:10:28'),
(32, 1, 1, '021763', 20, 0, 14, 2.5, 700, '2017-08-23', 2, 1, 0, 0, 0, 0, 0, 0, 0, 0, 0, 0, '2017-12-23 11:55:42', '2017-12-23 12:10:48'),
(33, 1, 1, '021768', 20, 0, 14, 2.5, 700, '2017-08-23', 2, 1, 0, 0, 0, 0, 0, 0, 0, 0, 0, 0, '2017-12-23 11:56:35', '2017-12-23 12:11:02'),
(34, 1, 1, '021777', 20, 0, 14, 2.5, 700, '2017-08-23', 2, 1, 0, 0, 0, 0, 0, 0, 0, 0, 0, 0, '2017-12-23 11:56:40', '2017-12-23 12:11:13'),
(35, 1, 1, '021781', 20, 0, 14, 2.5, 700, '2017-08-23', 2, 1, 0, 0, 0, 0, 0, 0, 0, 0, 0, 0, '2017-12-23 11:56:45', '2017-12-23 12:11:26'),
(36, 1, 1, '021788', 20, 0, 14, 2.5, 700, '2017-08-23', 2, 1, 0, 0, 0, 0, 0, 0, 0, 0, 0, 0, '2017-12-23 11:56:51', '2017-12-23 12:11:38'),
(37, 1, 1, '021794', 20, 0, 14, 2.5, 700, '2017-08-23', 2, 1, 0, 0, 0, 0, 0, 0, 0, 0, 0, 0, '2017-12-23 11:56:57', '2017-12-23 12:11:49'),
(38, 1, 1, '021799', 20, 0, 14, 2.5, 700, '2017-08-23', 2, 1, 0, 0, 0, 0, 0, 0, 0, 0, 0, 0, '2017-12-23 11:57:06', '2017-12-23 12:12:06'),
(39, 1, 1, '020751', 20, 0, 14, 2.5, 700, '2017-08-24', 2, 1, 0, 0, 0, 0, 0, 0, 0, 0, 0, 0, '2017-12-23 11:57:38', '2017-12-23 12:12:23'),
(40, 1, 1, '021115', 20, 0, 14, 2.5, 700, '2017-08-24', 2, 1, 0, 0, 0, 0, 0, 0, 0, 0, 0, 0, '2017-12-23 11:57:46', '2017-12-23 12:12:34'),
(41, 1, 1, '021123', 20, 0, 14, 2.5, 700, '2017-08-24', 2, 1, 0, 0, 0, 0, 0, 0, 0, 0, 0, 0, '2017-12-23 11:57:52', '2017-12-23 12:12:43'),
(42, 1, 1, '021128', 20, 0, 14, 2.5, 700, '2017-08-24', 2, 1, 0, 0, 0, 0, 0, 0, 0, 0, 0, 0, '2017-12-23 11:57:58', '2017-12-23 12:12:54'),
(43, 1, 1, '021130', 20, 0, 14, 2.5, 700, '2017-08-24', 2, 1, 0, 0, 0, 0, 0, 0, 0, 0, 0, 0, '2017-12-23 11:58:04', '2017-12-23 12:13:06'),
(44, 1, 1, '021136', 20, 0, 14, 2.5, 700, '2017-08-24', 2, 1, 0, 0, 0, 0, 0, 0, 0, 0, 0, 0, '2017-12-23 11:58:10', '2017-12-23 12:13:20'),
(45, 1, 1, '021140', 20, 0, 14, 2.5, 700, '2017-08-24', 2, 1, 0, 0, 0, 0, 0, 0, 0, 0, 0, 0, '2017-12-23 11:58:17', '2017-12-23 12:13:29'),
(46, 1, 1, '021145', 20, 0, 14, 2.5, 700, '2017-08-24', 2, 1, 0, 0, 0, 0, 0, 0, 0, 0, 0, 0, '2017-12-23 11:58:26', '2017-12-23 12:13:38'),
(47, 1, 1, '020762', 20, 0, 14, 2.5, 700, '2017-08-25', 2, 1, 0, 0, 0, 0, 0, 0, 0, 0, 0, 0, '2017-12-23 11:58:44', '2017-12-23 12:14:11'),
(48, 1, 1, '020768', 20, 0, 14, 2.5, 700, '2017-08-25', 2, 1, 0, 0, 0, 0, 0, 0, 0, 0, 0, 0, '2017-12-23 11:58:51', '2017-12-23 12:14:19'),
(49, 1, 1, '020775', 20, 0, 14, 2.5, 700, '2017-08-25', 2, 1, 0, 0, 0, 0, 0, 0, 0, 0, 0, 0, '2017-12-23 11:59:01', '2017-12-23 12:14:34'),
(50, 1, 1, '020778', 20, 0, 14, 2.5, 700, '2017-08-25', 2, 1, 0, 0, 0, 0, 0, 0, 0, 0, 0, 0, '2017-12-23 11:59:12', '2017-12-23 12:14:43'),
(51, 1, 1, '020784', 20, 0, 14, 2.5, 700, '2017-08-25', 2, 1, 0, 0, 0, 0, 0, 0, 0, 0, 0, 0, '2017-12-23 11:59:18', '2017-12-23 12:14:55'),
(52, 1, 1, '020791', 20, 0, 14, 2.5, 700, '2017-08-25', 2, 1, 0, 0, 0, 0, 0, 0, 0, 0, 0, 0, '2017-12-23 11:59:25', '2017-12-23 12:15:08'),
(53, 1, 1, '020797', 20, 0, 14, 2.5, 700, '2017-08-25', 2, 1, 0, 0, 0, 0, 0, 0, 0, 0, 0, 0, '2017-12-23 11:59:34', '2017-12-23 12:15:34'),
(54, 1, 1, '021053', 20, 0, 14, 2.5, 700, '2017-08-25', 2, 1, 0, 0, 0, 0, 0, 0, 0, 0, 0, 0, '2017-12-23 11:59:41', '2017-12-23 12:15:44'),
(55, 1, 1, '020653', 20, 0, 14, 2.5, 700, '2017-08-28', 2, 1, 0, 0, 0, 0, 0, 0, 0, 0, 0, 0, '2017-12-23 12:00:00', '2017-12-23 12:16:01'),
(56, 1, 1, '020746', 20, 0, 14, 2.5, 700, '2017-08-28', 2, 1, 0, 0, 0, 0, 0, 0, 0, 0, 0, 0, '2017-12-23 12:00:08', '2017-12-23 12:16:10'),
(57, 1, 1, '020353', 20, 0, 14, 2.5, 700, '2017-08-29', 2, 1, 0, 0, 0, 0, 0, 0, 0, 0, 0, 0, '2017-12-23 12:01:10', '2017-12-23 18:02:46'),
(58, 1, 1, '020358', 20, 0, 14, 2.5, 700, '2017-08-29', 2, 1, 0, 0, 0, 0, 0, 0, 0, 0, 0, 0, '2017-12-23 12:01:20', '2017-12-23 18:03:11'),
(59, 1, 1, '020695', 20, 0, 14, 2.5, 700, '2017-08-29', 2, 1, 0, 0, 0, 0, 0, 0, 0, 0, 0, 0, '2017-12-23 12:01:27', '2017-12-23 18:03:26'),
(60, 1, 1, '020368', 20, 0, 14, 2.5, 700, '2017-08-30', 2, 1, 0, 0, 0, 0, 0, 0, 0, 0, 0, 0, '2017-12-23 12:01:43', '2017-12-23 12:16:52'),
(61, 1, 1, '020373', 20, 0, 14, 2.5, 700, '2017-08-30', 2, 1, 0, 0, 0, 0, 0, 0, 0, 0, 0, 0, '2017-12-23 12:01:49', '2017-12-23 12:16:59'),
(62, 1, 1, '020374', 20, 0, 14, 2.5, 700, '2017-08-30', 2, 1, 0, 0, 0, 0, 0, 0, 0, 0, 0, 0, '2017-12-23 12:02:05', '2017-12-23 12:17:07'),
(63, 1, 1, '020381', 20, 0, 14, 2.5, 700, '2017-08-30', 2, 1, 0, 0, 0, 0, 0, 0, 0, 0, 0, 0, '2017-12-23 12:02:13', '2017-12-23 12:17:16'),
(64, 1, 1, '020386', 20, 0, 14, 2.5, 700, '2017-08-30', 2, 1, 0, 0, 0, 0, 0, 0, 0, 0, 0, 0, '2017-12-23 12:02:55', '2017-12-23 12:17:23'),
(65, 1, 1, '020390', 20, 0, 14, 2.5, 700, '2017-08-30', 2, 1, 0, 0, 0, 0, 0, 0, 0, 0, 0, 0, '2017-12-23 12:03:09', '2017-12-23 12:17:33'),
(66, 1, 1, '020398', 20, 0, 14, 2.5, 700, '2017-08-30', 2, 1, 0, 0, 0, 0, 0, 0, 0, 0, 0, 0, '2017-12-23 12:03:19', '2017-12-23 12:17:47'),
(67, 1, 1, '020401', 20, 0, 14, 2.5, 700, '2017-08-30', 2, 1, 0, 0, 0, 0, 0, 0, 0, 0, 0, 0, '2017-12-23 12:03:27', '2017-12-23 12:18:04'),
(68, 1, 1, '020053', 20, 0, 14, 2.5, 700, '2017-08-31', 2, 1, 0, 0, 0, 0, 0, 0, 0, 0, 0, 0, '2017-12-23 12:04:03', '2017-12-23 12:18:23'),
(69, 1, 1, '020057', 20, 0, 14, 2.5, 700, '2017-08-31', 2, 1, 0, 0, 0, 0, 0, 0, 0, 0, 0, 0, '2017-12-23 12:04:10', '2017-12-23 12:18:33'),
(70, 1, 1, '020063', 20, 0, 14, 2.5, 700, '2017-08-31', 2, 1, 0, 0, 0, 0, 0, 0, 0, 0, 0, 0, '2017-12-23 12:04:18', '2017-12-23 12:18:43'),
(71, 1, 1, '020069', 20, 0, 14, 2.5, 700, '2017-08-31', 2, 1, 0, 0, 0, 0, 0, 0, 0, 0, 0, 0, '2017-12-23 12:04:25', '2017-12-23 12:19:04'),
(72, 1, 1, '020414', 20, 0, 14, 2.5, 700, '2017-08-31', 2, 1, 0, 0, 0, 0, 0, 0, 0, 0, 0, 0, '2017-12-23 12:04:33', '2017-12-23 12:19:13'),
(73, 1, 1, '020421', 20, 0, 14, 2.5, 700, '2017-08-31', 2, 1, 0, 0, 0, 0, 0, 0, 0, 0, 0, 0, '2017-12-23 12:04:41', '2017-12-23 12:19:22'),
(74, 1, 1, '020426', 20, 0, 14, 2.5, 700, '2017-08-31', 2, 1, 0, 0, 0, 0, 0, 0, 0, 0, 0, 0, '2017-12-23 12:04:48', '2017-12-23 12:19:37'),
(75, 1, 1, '020432', 20, 0, 14, 2.5, 700, '2017-08-31', 2, 1, 0, 0, 0, 0, 0, 0, 0, 0, 0, 0, '2017-12-23 12:04:55', '2017-12-23 12:19:46'),
(76, 1, 1, '020442', 20, 0, 14, 2.5, 700, '2017-08-31', 2, 1, 0, 0, 0, 0, 0, 0, 0, 0, 0, 0, '2017-12-23 12:05:06', '2017-12-23 12:19:54'),
(77, 1, 1, '020448', 20, 0, 14, 2.5, 700, '2017-08-31', 2, 1, 0, 0, 0, 0, 0, 0, 0, 0, 0, 0, '2017-12-23 12:05:15', '2017-12-23 12:20:02'),
(78, 1, 1, '020802', 20, 0, 15, 2.5, 750, '2017-08-19', 3, 1, 0, 0, 0, 0, 0, 0, 0, 0, 0, 0, '2017-12-23 12:24:15', '2017-12-23 12:24:15'),
(79, 1, 1, '020804', 20, 0, 15, 2.5, 750, '2017-08-19', 3, 1, 0, 0, 0, 0, 0, 0, 0, 0, 0, 0, '2017-12-23 12:24:39', '2017-12-23 12:24:39'),
(80, 1, 1, '020806', 20, 0, 15, 2.5, 750, '2017-08-19', 3, 1, 0, 0, 0, 0, 0, 0, 0, 0, 0, 0, '2017-12-23 12:25:49', '2017-12-23 12:25:49'),
(81, 1, 1, '020966', 20, 0, 15, 2.5, 750, '2017-08-19', 3, 1, 0, 0, 0, 0, 0, 0, 0, 0, 0, 0, '2017-12-23 12:25:55', '2017-12-23 12:25:55'),
(82, 1, 1, '020971', 20, 0, 15, 2.5, 750, '2017-08-19', 3, 1, 0, 0, 0, 0, 0, 0, 0, 0, 0, 0, '2017-12-23 12:26:03', '2017-12-23 12:26:03'),
(83, 1, 1, '020980', 20, 0, 15, 2.5, 750, '2017-08-19', 3, 1, 0, 0, 0, 0, 0, 0, 0, 0, 0, 0, '2017-12-23 12:26:08', '2017-12-23 12:26:08'),
(84, 1, 1, '020985', 20, 0, 15, 2.5, 750, '2017-08-19', 3, 1, 0, 0, 0, 0, 0, 0, 0, 0, 0, 0, '2017-12-23 12:26:16', '2017-12-23 12:26:16'),
(85, 1, 1, '020991', 20, 0, 15, 2.5, 750, '2017-08-19', 3, 1, 0, 0, 0, 0, 0, 0, 0, 0, 0, 0, '2017-12-23 12:26:22', '2017-12-23 12:26:22'),
(86, 1, 1, '020862', 20, 0, 15, 2.5, 750, '2017-08-20', 3, 1, 0, 0, 0, 0, 0, 0, 0, 0, 0, 0, '2017-12-23 12:27:02', '2017-12-23 12:27:02'),
(87, 1, 1, '020864', 20, 0, 15, 2.5, 750, '2017-08-20', 3, 1, 0, 0, 0, 0, 0, 0, 0, 0, 0, 0, '2017-12-23 12:27:10', '2017-12-23 12:27:10'),
(88, 1, 1, '020868', 20, 0, 15, 2.5, 750, '2017-08-20', 3, 1, 0, 0, 0, 0, 0, 0, 0, 0, 0, 0, '2017-12-23 12:27:17', '2017-12-23 12:27:17'),
(89, 1, 1, '020870', 20, 0, 15, 2.5, 750, '2017-08-20', 3, 1, 0, 0, 0, 0, 0, 0, 0, 0, 0, 0, '2017-12-23 12:27:23', '2017-12-23 12:27:23'),
(90, 1, 1, '020873', 20, 0, 15, 2.5, 750, '2017-08-20', 3, 1, 0, 0, 0, 0, 0, 0, 0, 0, 0, 0, '2017-12-23 12:27:31', '2017-12-23 12:27:31'),
(91, 1, 1, '020878', 20, 0, 15, 2.5, 750, '2017-08-20', 3, 1, 0, 0, 0, 0, 0, 0, 0, 0, 0, 0, '2017-12-23 12:27:41', '2017-12-23 12:27:41'),
(92, 1, 1, '020821', 20, 0, 15, 2.5, 750, '2017-08-22', 3, 1, 0, 0, 0, 0, 0, 0, 0, 0, 0, 0, '2017-12-23 12:28:07', '2017-12-23 12:28:07'),
(93, 1, 1, '020827', 20, 0, 15, 2.5, 750, '2017-08-22', 3, 1, 0, 0, 0, 0, 0, 0, 0, 0, 0, 0, '2017-12-23 12:28:13', '2017-12-23 12:28:13'),
(94, 1, 1, '020833', 20, 0, 15, 2.5, 750, '2017-08-22', 3, 1, 0, 0, 0, 0, 0, 0, 0, 0, 0, 0, '2017-12-23 12:28:20', '2017-12-23 12:28:20'),
(95, 1, 1, '020839', 20, 0, 15, 2.5, 750, '2017-08-22', 3, 1, 0, 0, 0, 0, 0, 0, 0, 0, 0, 0, '2017-12-23 12:28:27', '2017-12-23 12:28:27'),
(96, 1, 1, '020842', 20, 0, 15, 2.5, 750, '2017-08-22', 3, 1, 0, 0, 0, 0, 0, 0, 0, 0, 0, 0, '2017-12-23 12:28:33', '2017-12-23 12:28:33'),
(97, 1, 1, '020845', 20, 0, 15, 2.5, 750, '2017-08-22', 3, 1, 0, 0, 0, 0, 0, 0, 0, 0, 0, 0, '2017-12-23 12:28:40', '2017-12-23 12:28:40'),
(98, 1, 1, '020950', 20, 0, 15, 2.5, 750, '2017-08-22', 3, 1, 0, 0, 0, 0, 0, 0, 0, 0, 0, 0, '2017-12-23 12:28:49', '2017-12-23 12:28:49'),
(99, 1, 1, '020850', 20, 0, 15, 2.5, 750, '2017-08-23', 3, 1, 0, 0, 0, 0, 0, 0, 0, 0, 0, 0, '2017-12-23 12:35:16', '2017-12-23 12:35:16'),
(100, 1, 1, '021758', 20, 0, 15, 2.5, 750, '2017-08-23', 3, 1, 0, 0, 0, 0, 0, 0, 0, 0, 0, 0, '2017-12-23 12:35:32', '2017-12-23 12:35:32'),
(101, 1, 1, '021764', 20, 0, 15, 2.5, 750, '2017-08-23', 3, 1, 0, 0, 0, 0, 0, 0, 0, 0, 0, 0, '2017-12-23 12:35:38', '2017-12-23 12:35:38'),
(102, 1, 1, '021769', 20, 0, 15, 2.5, 750, '2017-08-23', 3, 1, 0, 0, 0, 0, 0, 0, 0, 0, 0, 0, '2017-12-23 12:35:44', '2017-12-23 12:35:44'),
(103, 1, 1, '021785', 20, 0, 15, 2.5, 750, '2017-08-23', 3, 1, 0, 0, 0, 0, 0, 0, 0, 0, 0, 0, '2017-12-23 12:35:54', '2017-12-23 12:35:54'),
(104, 1, 1, '021789', 20, 0, 15, 2.5, 750, '2017-08-23', 3, 1, 0, 0, 0, 0, 0, 0, 0, 0, 0, 0, '2017-12-23 12:36:00', '2017-12-23 12:36:00'),
(105, 1, 1, '021797', 20, 0, 15, 2.5, 750, '2017-08-23', 3, 1, 0, 0, 0, 0, 0, 0, 0, 0, 0, 0, '2017-12-23 12:36:07', '2017-12-23 12:36:07'),
(106, 1, 1, '020755', 20, 0, 15, 2.5, 750, '2017-08-24', 3, 1, 0, 0, 0, 0, 0, 0, 0, 0, 0, 0, '2017-12-23 12:36:26', '2017-12-23 12:36:26'),
(107, 1, 1, '021116', 20, 0, 15, 2.5, 750, '2017-08-24', 3, 1, 0, 0, 0, 0, 0, 0, 0, 0, 0, 0, '2017-12-23 12:36:35', '2017-12-23 12:36:35'),
(108, 1, 1, '021121', 20, 0, 15, 2.5, 750, '2017-08-24', 3, 1, 0, 0, 0, 0, 0, 0, 0, 0, 0, 0, '2017-12-23 12:36:55', '2017-12-23 12:36:55'),
(109, 1, 1, '021127', 20, 0, 15, 2.5, 750, '2017-08-24', 3, 1, 0, 0, 0, 0, 0, 0, 0, 0, 0, 0, '2017-12-23 12:37:08', '2017-12-23 12:37:08'),
(110, 1, 1, '021133', 20, 0, 15, 2.5, 750, '2017-08-24', 3, 1, 0, 0, 0, 0, 0, 0, 0, 0, 0, 0, '2017-12-23 12:37:32', '2017-12-23 12:37:32'),
(111, 1, 1, '021138', 20, 0, 15, 2.5, 750, '2017-08-24', 3, 1, 0, 0, 0, 0, 0, 0, 0, 0, 0, 0, '2017-12-23 12:37:38', '2017-12-23 12:37:38'),
(112, 1, 1, '021144', 20, 0, 15, 2.5, 750, '2017-08-24', 3, 1, 0, 0, 0, 0, 0, 0, 0, 0, 0, 0, '2017-12-23 12:37:45', '2017-12-23 12:37:45'),
(113, 1, 1, '021150', 20, 0, 15, 2.5, 750, '2017-08-24', 3, 1, 0, 0, 0, 0, 0, 0, 0, 0, 0, 0, '2017-12-23 12:37:52', '2017-12-23 12:37:52'),
(114, 1, 1, '020760', 20, 0, 15, 2.5, 750, '2017-08-25', 3, 1, 0, 0, 0, 0, 0, 0, 0, 0, 0, 0, '2017-12-23 12:38:18', '2017-12-23 12:38:18'),
(115, 1, 1, '020767', 20, 0, 15, 2.5, 750, '2017-08-25', 3, 1, 0, 0, 0, 0, 0, 0, 0, 0, 0, 0, '2017-12-23 12:38:39', '2017-12-23 12:38:39'),
(116, 1, 1, '020774', 20, 0, 15, 2.5, 750, '2017-08-25', 3, 1, 0, 0, 0, 0, 0, 0, 0, 0, 0, 0, '2017-12-23 12:38:53', '2017-12-23 12:38:53'),
(117, 1, 1, '020779', 20, 0, 15, 2.5, 750, '2017-08-25', 3, 1, 0, 0, 0, 0, 0, 0, 0, 0, 0, 0, '2017-12-23 12:39:11', '2017-12-23 12:39:11'),
(118, 1, 1, '020783', 20, 0, 15, 2.5, 750, '2017-08-25', 3, 1, 0, 0, 0, 0, 0, 0, 0, 0, 0, 0, '2017-12-23 12:39:27', '2017-12-23 12:39:27'),
(119, 1, 1, '021056', 20, 0, 15, 2.5, 750, '2017-08-26', 3, 1, 0, 0, 0, 0, 0, 0, 0, 0, 0, 0, '2017-12-23 12:39:40', '2017-12-23 12:39:40'),
(120, 1, 1, '021065', 20, 0, 15, 2.5, 750, '2017-08-26', 3, 1, 0, 0, 0, 0, 0, 0, 0, 0, 0, 0, '2017-12-23 12:39:51', '2017-12-23 12:39:51'),
(121, 1, 1, '021072', 20, 0, 15, 2.5, 750, '2017-08-26', 3, 1, 0, 0, 0, 0, 0, 0, 0, 0, 0, 0, '2017-12-23 12:39:57', '2017-12-23 12:39:57'),
(122, 1, 1, '020652', 20, 0, 15, 2.5, 750, '2017-08-28', 3, 1, 0, 0, 0, 0, 0, 0, 0, 0, 0, 0, '2017-12-23 12:40:24', '2017-12-23 12:40:24'),
(123, 1, 1, '020659', 20, 0, 15, 2.5, 750, '2017-08-28', 3, 1, 0, 0, 0, 0, 0, 0, 0, 0, 0, 0, '2017-12-23 12:40:29', '2017-12-23 12:40:29'),
(124, 1, 1, '020664', 20, 0, 15, 2.5, 750, '2017-08-28', 3, 1, 0, 0, 0, 0, 0, 0, 0, 0, 0, 0, '2017-12-23 12:40:35', '2017-12-23 12:40:35'),
(125, 1, 1, '020745', 20, 0, 15, 2.5, 750, '2017-08-28', 3, 1, 0, 0, 0, 0, 0, 0, 0, 0, 0, 0, '2017-12-23 12:40:45', '2017-12-23 12:40:45'),
(126, 1, 1, '020352', 20, 0, 15, 2.5, 750, '2017-08-29', 3, 1, 0, 0, 0, 0, 0, 0, 0, 0, 0, 0, '2017-12-23 12:41:18', '2017-12-23 12:41:18'),
(127, 1, 1, '020357', 20, 0, 15, 2.5, 750, '2017-08-29', 3, 1, 0, 0, 0, 0, 0, 0, 0, 0, 0, 0, '2017-12-23 12:41:24', '2017-12-23 12:41:24'),
(128, 1, 1, '020682', 20, 0, 15, 2.5, 750, '2017-08-29', 3, 1, 0, 0, 0, 0, 0, 0, 0, 0, 0, 0, '2017-12-23 12:41:32', '2017-12-23 12:41:32'),
(129, 1, 1, '020686', 20, 0, 15, 2.5, 750, '2017-08-29', 3, 1, 0, 0, 0, 0, 0, 0, 0, 0, 0, 0, '2017-12-23 12:41:38', '2017-12-23 12:41:38'),
(130, 1, 1, '020689', 20, 0, 15, 2.5, 750, '2017-08-29', 3, 1, 0, 0, 0, 0, 0, 0, 0, 0, 0, 0, '2017-12-23 12:41:43', '2017-12-23 12:41:43'),
(131, 1, 1, '020697', 20, 0, 15, 2.5, 750, '2017-08-29', 3, 1, 0, 0, 0, 0, 0, 0, 0, 0, 0, 0, '2017-12-23 12:41:51', '2017-12-23 12:41:51'),
(132, 1, 1, '020370', 20, 0, 15, 2.5, 750, '2017-08-30', 3, 1, 0, 0, 0, 0, 0, 0, 0, 0, 0, 0, '2017-12-23 12:42:15', '2017-12-23 12:42:15'),
(133, 1, 1, '020377', 20, 0, 15, 2.5, 750, '2017-08-30', 3, 1, 0, 0, 0, 0, 0, 0, 0, 0, 0, 0, '2017-12-23 12:42:23', '2017-12-23 12:42:23'),
(134, 1, 1, '020391', 20, 0, 15, 2.5, 750, '2017-08-30', 3, 1, 0, 0, 0, 0, 0, 0, 0, 0, 0, 0, '2017-12-23 12:42:31', '2017-12-23 12:42:31'),
(135, 1, 1, '020396', 20, 0, 15, 2.5, 750, '2017-08-30', 3, 1, 0, 0, 0, 0, 0, 0, 0, 0, 0, 0, '2017-12-23 12:42:45', '2017-12-23 12:42:45'),
(136, 1, 1, '020409', 20, 0, 15, 2.5, 750, '2017-08-30', 3, 1, 0, 0, 0, 0, 0, 0, 0, 0, 0, 0, '2017-12-23 12:42:52', '2017-12-23 12:42:52'),
(137, 1, 1, '020060', 20, 0, 15, 2.5, 750, '2017-08-31', 3, 1, 0, 0, 0, 0, 0, 0, 0, 0, 0, 0, '2017-12-23 12:43:17', '2017-12-23 12:43:17'),
(138, 1, 1, '020066', 20, 0, 15, 2.5, 750, '2017-08-31', 3, 1, 0, 0, 0, 0, 0, 0, 0, 0, 0, 0, '2017-12-23 12:43:22', '2017-12-23 12:43:22'),
(139, 1, 1, '020410', 20, 0, 15, 2.5, 750, '2017-08-31', 3, 1, 0, 0, 0, 0, 0, 0, 0, 0, 0, 0, '2017-12-23 12:43:28', '2017-12-23 12:43:28'),
(140, 1, 1, '020415', 20, 0, 15, 2.5, 750, '2017-08-31', 3, 1, 0, 0, 0, 0, 0, 0, 0, 0, 0, 0, '2017-12-23 12:43:34', '2017-12-23 12:43:34'),
(141, 1, 1, '020422', 20, 0, 15, 2.5, 750, '2017-08-31', 3, 1, 0, 0, 0, 0, 0, 0, 0, 0, 0, 0, '2017-12-23 12:43:57', '2017-12-23 12:43:57'),
(142, 1, 1, '020428', 20, 0, 15, 2.5, 750, '2017-08-31', 3, 1, 0, 0, 0, 0, 0, 0, 0, 0, 0, 0, '2017-12-23 12:44:18', '2017-12-23 12:44:18'),
(143, 1, 1, '020433', 20, 0, 15, 2.5, 750, '2017-08-31', 3, 1, 0, 0, 0, 0, 0, 0, 0, 0, 0, 0, '2017-12-23 12:44:24', '2017-12-23 12:44:24'),
(144, 1, 1, '020437', 20, 0, 15, 2.5, 750, '2017-08-31', 3, 1, 0, 0, 0, 0, 0, 0, 0, 0, 0, 0, '2017-12-23 12:44:30', '2017-12-23 12:44:30'),
(145, 1, 1, '020445', 20, 0, 15, 2.5, 750, '2017-08-31', 3, 1, 0, 0, 0, 0, 0, 0, 0, 0, 0, 0, '2017-12-23 12:44:36', '2017-12-23 12:44:36'),
(146, 1, 1, '020450', 20, 0, 15, 2.5, 750, '2017-08-31', 3, 1, 0, 0, 0, 0, 0, 0, 0, 0, 0, 0, '2017-12-23 12:44:50', '2017-12-23 12:44:50'),
(165, 2, 2, '', 0, 2, 0, 0, 0, '2017-11-06', 0, 8, 3, 3, 0, 0, 0, 480, 0, 0, 0, 0, '2017-12-31 03:24:17', '2017-12-31 15:02:16'),
(166, 2, 2, '', 0, 2, 0, 0, 0, '2017-11-07', 0, 8, 3, 1, 0, 0, 0, 480, 0, 0, 0, 0, '2017-12-31 03:24:25', '2017-12-31 15:02:27'),
(167, 2, 2, '', 0, 2, 0, 0, 0, '2017-11-07', 0, 8, 3, 1, 0, 0, 0, 1470, 0, 0, 0, 0, '2017-12-31 03:24:34', '2017-12-31 15:02:49'),
(168, 2, 2, '', 0, 2, 0, 0, 0, '2017-11-07', 0, 8, 3, 1, 0, 0, 0, 1440, 0, 0, 0, 0, '2017-12-31 03:24:42', '2017-12-31 15:02:58'),
(169, 2, 2, '', 0, 2, 0, 0, 0, '2017-11-07', 0, 8, 3, 1, 0, 0, 0, 2376, 0, 0, 0, 0, '2017-12-31 03:24:53', '2017-12-31 15:03:06'),
(170, 2, 2, '', 0, 2, 0, 0, 0, '2017-11-07', 0, 8, 3, 2, 0, 0, 0, 3594, 0, 0, 0, 0, '2017-12-31 03:25:05', '2017-12-31 15:03:11'),
(171, 2, 2, '', 0, 2, 0, 0, 0, '2017-11-07', 0, 8, 3, 2, 0, 0, 0, 4476, 0, 0, 0, 0, '2017-12-31 03:25:16', '2017-12-31 15:03:16'),
(172, 2, 2, '', 0, 2, 0, 0, 0, '2017-11-07', 0, 8, 3, 3, 0, 0, 0, 1920, 0, 0, 0, 0, '2017-12-31 03:25:29', '2017-12-31 15:03:38'),
(173, 2, 2, '', 0, 2, 0, 0, 0, '2017-11-08', 0, 8, 3, 1, 0, 0, 0, 480, 0, 0, 0, 0, '2017-12-31 03:25:43', '2017-12-31 15:03:43'),
(174, 2, 2, '', 0, 2, 0, 0, 0, '2017-11-08', 0, 8, 3, 1, 0, 0, 0, 880, 0, 0, 0, 0, '2017-12-31 03:25:51', '2017-12-31 05:25:04'),
(175, 2, 2, '', 0, 2, 0, 0, 0, '2017-11-08', 0, 8, 3, 2, 0, 0, 0, 2400, 0, 0, 0, 0, '2017-12-31 03:26:04', '2017-12-31 05:25:38'),
(176, 2, 2, '', 0, 2, 0, 0, 0, '2017-11-10', 0, 8, 3, 2, 0, 0, 0, 4320, 0, 0, 0, 0, '2017-12-31 03:26:24', '2017-12-31 05:26:19'),
(179, 2, 2, '', 0, 2, 0, 0, 0, '2017-11-11', 0, 8, 3, 1, 0, 0, 0, 432, 0, 0, 0, 0, '2017-12-31 03:53:02', '2017-12-31 05:29:24'),
(180, 2, 2, '', 0, 2, 0, 0, 0, '2017-11-11', 0, 8, 3, 2, 0, 0, 0, 480, 0, 0, 0, 0, '2017-12-31 03:53:18', '2017-12-31 05:30:05'),
(182, 2, 2, '', 0, 2, 0, 0, 0, '2017-11-11', 0, 8, 3, 2, 0, 0, 0, 960, 0, 0, 0, 0, '2017-12-31 03:54:17', '2017-12-31 05:33:25'),
(183, 2, 2, '', 0, 2, 0, 0, 0, '2017-11-13', 0, 8, 3, 2, 0, 0, 0, 1440, 0, 0, 0, 0, '2017-12-31 03:54:38', '2017-12-31 05:34:12'),
(184, 2, 2, '', 0, 2, 0, 0, 0, '2017-11-13', 0, 8, 3, 2, 0, 0, 0, 1920, 0, 0, 0, 0, '2017-12-31 03:54:46', '2017-12-31 05:34:47'),
(185, 2, 2, '', 0, 2, 0, 0, 0, '2017-11-07', 0, 8, 6, 2, 0, 0, 0, 1000, 40, 0, 0, 0, '2017-12-31 04:35:41', '2017-12-31 04:35:41'),
(186, 2, 2, '', 0, 2, 0, 0, 0, '2017-11-07', 0, 8, 6, 3, 0, 0, 0, 900, 36, 0, 0, 0, '2017-12-31 04:37:01', '2017-12-31 04:37:01'),
(187, 2, 2, '', 0, 2, 0, 0, 0, '2017-11-10', 0, 8, 6, 2, 0, 0, 0, 1050, 42, 0, 0, 0, '2017-12-31 04:37:27', '2017-12-31 04:37:27'),
(188, 2, 2, '', 0, 2, 0, 0, 0, '2017-11-11', 0, 8, 6, 2, 0, 0, 0, 480, 0, 0, 0, 0, '2017-12-31 04:37:42', '2017-12-31 04:37:42'),
(189, 2, 2, '', 0, 2, 0, 0, 0, '2017-11-11', 0, 8, 6, 2, 0, 0, 0, 960, 0, 0, 0, 0, '2017-12-31 04:37:47', '2017-12-31 04:37:47'),
(190, 2, 2, '', 0, 2, 0, 0, 0, '2017-11-11', 0, 8, 6, 2, 0, 0, 0, 960, 0, 0, 0, 0, '2017-12-31 04:37:55', '2017-12-31 04:37:55'),
(191, 2, 2, '', 0, 2, 0, 0, 0, '2017-11-11', 0, 8, 6, 2, 0, 0, 0, 960, 0, 0, 0, 0, '2017-12-31 04:37:58', '2017-12-31 04:37:58'),
(192, 2, 2, '', 0, 5, 0, 0, 0, '2017-11-08', 0, 8, 8, 2, 0, 0, 0, 500, 20, 0, 0, 0, '2017-12-31 04:59:42', '2017-12-31 04:59:42'),
(193, 2, 2, '', 0, 5, 0, 0, 0, '2017-11-08', 0, 8, 8, 2, 0, 0, 0, 2500, 100, 0, 0, 0, '2017-12-31 04:59:57', '2017-12-31 04:59:57'),
(194, 2, 2, '', 0, 5, 0, 0, 0, '2017-11-08', 0, 8, 8, 2, 0, 0, 0, 3000, 120, 0, 0, 0, '2017-12-31 05:00:09', '2017-12-31 05:00:09'),
(195, 2, 2, '', 0, 5, 0, 0, 0, '2017-11-08', 0, 8, 8, 2, 0, 0, 0, 2000, 80, 0, 0, 0, '2017-12-31 05:00:23', '2017-12-31 05:00:23'),
(196, 2, 2, '', 0, 5, 0, 0, 0, '2017-11-03', 0, 8, 9, 2, 0, 0, 0, 1000, 40, 0, 0, 0, '2017-12-31 05:07:43', '2017-12-31 05:07:43'),
(197, 2, 2, '', 0, 5, 0, 0, 0, '2017-11-03', 0, 8, 9, 2, 0, 0, 0, 500, 20, 0, 0, 0, '2017-12-31 05:07:53', '2017-12-31 05:07:53'),
(198, 2, 2, '', 0, 5, 0, 0, 0, '2017-11-03', 0, 8, 9, 2, 0, 0, 0, 500, 20, 0, 0, 0, '2017-12-31 05:09:59', '2017-12-31 05:09:59'),
(199, 2, 2, '', 0, 5, 0, 0, 0, '2017-11-03', 0, 8, 9, 3, 0, 0, 0, 500, 20, 0, 0, 0, '2017-12-31 05:10:05', '2017-12-31 05:10:05'),
(200, 2, 2, '', 0, 5, 0, 0, 0, '2017-11-04', 0, 8, 9, 3, 0, 0, 0, 1500, 60, 0, 0, 0, '2017-12-31 05:10:30', '2017-12-31 05:10:30'),
(202, 3, 2, '', 0, 2, 0, 0, 0, '2017-12-20', 0, 8, 10, 3, 0, 0, 0, 960, 0, 0, 0, 0, '2018-01-01 14:18:32', '2018-01-01 14:18:32'),
(203, 3, 2, '', 0, 2, 0, 0, 0, '2017-12-21', 0, 8, 11, 2, 0, 0, 0, 450, 18, 0, 0, 0, '2018-01-01 14:19:02', '2018-01-01 14:21:01'),
(204, 3, 2, '', 0, 2, 0, 0, 0, '2017-12-27', 0, 8, 11, 2, 0, 0, 0, 2500, 100, 0, 0, 0, '2018-01-01 14:19:36', '2018-01-01 14:22:16'),
(205, 3, 2, '', 0, 2, 0, 0, 0, '2017-12-27', 0, 8, 11, 3, 0, 0, 0, 500, 20, 0, 0, 0, '2018-01-01 14:19:46', '2018-01-01 14:22:51'),
(206, 3, 2, '', 0, 2, 0, 0, 0, '2017-12-27', 0, 8, 11, 3, 0, 0, 0, 1350, 54, 0, 0, 0, '2018-01-01 14:19:54', '2018-01-01 14:23:28'),
(207, 3, 2, '', 0, 2, 0, 0, 0, '2017-12-28', 0, 8, 11, 1, 0, 0, 0, 1800, 72, 0, 0, 0, '2018-01-01 14:20:11', '2018-01-01 14:23:59'),
(208, 3, 2, '', 0, 2, 0, 0, 0, '2017-12-28', 0, 8, 11, 2, 0, 0, 0, 3000, 120, 0, 0, 0, '2018-01-01 14:25:36', '2018-01-01 14:25:36'),
(209, 3, 2, '', 0, 2, 0, 0, 0, '2017-12-28', 0, 8, 11, 3, 0, 0, 0, 650, 26, 0, 0, 0, '2018-01-01 14:26:04', '2018-01-01 14:26:04'),
(210, 3, 2, '', 0, 2, 0, 0, 0, '2017-12-28', 0, 8, 11, 3, 0, 0, 0, 1000, 40, 0, 0, 0, '2018-01-01 14:26:12', '2018-01-01 14:27:27'),
(211, 3, 2, '', 0, 2, 0, 0, 0, '2017-12-29', 0, 8, 11, 1, 0, 0, 0, 1000, 40, 0, 0, 0, '2018-01-01 14:26:37', '2018-01-01 14:26:37'),
(212, 2, 2, '', 0, 5, 0, 0, 0, '2017-12-13', 0, 8, 9, 2, 0, 0, 0, 1500, 60, 0, 0, 0, '2018-01-01 14:29:32', '2018-01-01 14:32:22'),
(213, 3, 2, '', 0, 5, 0, 0, 0, '2017-12-16', 0, 8, 9, 2, 0, 0, 0, 1000, 40, 0, 0, 0, '2018-01-01 14:29:50', '2018-01-01 14:31:06'),
(214, 3, 2, '', 0, 5, 0, 0, 0, '2017-12-16', 0, 8, 9, 3, 0, 0, 0, 500, 20, 0, 0, 0, '2018-01-01 14:30:03', '2018-01-01 14:33:02'),
(215, 3, 2, '', 0, 5, 0, 0, 0, '2017-12-17', 0, 8, 9, 1, 0, 0, 0, 250, 10, 0, 0, 0, '2018-01-01 14:35:42', '2018-01-01 14:35:42'),
(216, 3, 2, '', 0, 5, 0, 0, 0, '2017-12-17', 0, 8, 9, 1, 0, 0, 0, 500, 20, 0, 0, 0, '2018-01-01 14:36:04', '2018-01-01 14:36:04'),
(217, 3, 2, '', 0, 5, 0, 0, 0, '2017-12-18', 0, 8, 9, 3, 0, 0, 0, 975, 39, 0, 0, 0, '2018-01-01 14:36:27', '2018-01-01 14:36:27'),
(218, 3, 2, '', 0, 5, 0, 0, 0, '2017-12-19', 0, 8, 9, 1, 0, 0, 0, 2000, 80, 0, 0, 0, '2018-01-01 14:36:49', '2018-01-01 14:39:14'),
(219, 3, 2, '', 0, 5, 0, 0, 0, '2017-12-19', 0, 8, 9, 2, 0, 0, 0, 1400, 56, 0, 0, 0, '2018-01-01 14:39:30', '2018-01-01 14:39:30'),
(220, 3, 2, '', 0, 5, 0, 0, 0, '2017-12-19', 0, 8, 9, 2, 0, 0, 0, 1500, 60, 0, 0, 0, '2018-01-01 14:39:44', '2018-01-01 14:39:44'),
(221, 3, 2, '', 0, 2, 0, 0, 0, '2017-12-17', 0, 8, 12, 2, 0, 0, 0, 480, 0, 0, 0, 0, '2018-01-01 14:40:17', '2018-01-01 14:40:17'),
(222, 3, 2, '', 0, 2, 0, 0, 0, '2017-12-18', 0, 8, 12, 2, 0, 0, 0, 1440, 0, 0, 0, 0, '2018-01-01 14:40:28', '2018-01-01 14:40:28'),
(223, 3, 2, '', 0, 2, 0, 0, 0, '2017-12-18', 0, 8, 12, 2, 0, 0, 0, 480, 0, 0, 0, 0, '2018-01-01 14:40:35', '2018-01-01 14:40:35'),
(224, 3, 2, '', 0, 2, 0, 0, 0, '2017-12-19', 0, 8, 12, 1, 0, 0, 0, 960, 0, 0, 0, 0, '2018-01-01 14:43:20', '2018-01-01 14:43:20'),
(225, 3, 2, '', 0, 2, 0, 0, 0, '2017-12-28', 0, 8, 12, 2, 0, 0, 0, 960, 0, 0, 0, 0, '2018-01-01 14:43:33', '2018-01-01 14:43:33'),
(226, 3, 2, '', 0, 2, 0, 0, 0, '2017-12-31', 0, 8, 12, 1, 0, 0, 0, 1920, 0, 0, 0, 0, '2018-01-01 14:43:55', '2018-01-01 14:43:55'),
(227, 3, 2, '', 0, 2, 0, 0, 0, '2017-12-21', 0, 8, 6, 2, 0, 0, 0, 1000, 40, 0, 0, 0, '2018-01-01 14:44:46', '2018-01-01 14:44:46'),
(228, 3, 2, '', 0, 2, 0, 0, 0, '2017-12-27', 0, 8, 6, 2, 0, 0, 0, 1000, 40, 0, 0, 0, '2018-01-01 14:44:55', '2018-01-01 14:44:55'),
(229, 3, 2, '', 0, 2, 0, 0, 0, '2017-12-28', 0, 8, 6, 3, 0, 0, 0, 1000, 40, 0, 0, 0, '2018-01-01 14:45:15', '2018-01-01 14:45:15'),
(230, 3, 2, '', 0, 2, 0, 0, 0, '2017-12-16', 0, 8, 5, 2, 0, 0, 0, 750, 30, 0, 0, 0, '2018-01-01 14:52:30', '2018-01-01 14:52:30'),
(231, 3, 2, '', 0, 2, 0, 0, 0, '2017-12-16', 0, 8, 5, 2, 0, 0, 0, 500, 20, 0, 0, 0, '2018-01-01 14:59:44', '2018-01-01 14:59:44'),
(232, 3, 2, '', 0, 2, 0, 0, 0, '2017-12-16', 0, 8, 5, 3, 0, 0, 0, 1000, 40, 0, 0, 0, '2018-01-01 15:00:06', '2018-01-01 15:00:06'),
(233, 3, 2, '', 0, 2, 0, 0, 0, '2017-12-19', 0, 8, 5, 1, 0, 0, 0, 1000, 40, 0, 0, 0, '2018-01-01 15:00:17', '2018-01-01 15:00:17'),
(234, 3, 2, '', 0, 2, 0, 0, 0, '2017-12-19', 0, 8, 5, 2, 0, 0, 0, 1000, 40, 0, 0, 0, '2018-01-01 15:01:37', '2018-01-01 15:01:37'),
(235, 3, 2, '', 0, 2, 0, 0, 0, '2017-12-19', 0, 8, 5, 3, 0, 0, 0, 2000, 80, 0, 0, 0, '2018-01-01 15:01:57', '2018-01-01 15:01:57'),
(236, 3, 2, '', 0, 2, 0, 0, 0, '2017-12-19', 0, 8, 5, 3, 0, 0, 0, 1675, 67, 0, 0, 0, '2018-01-01 15:02:17', '2018-01-01 15:02:17'),
(237, 3, 2, '', 0, 2, 0, 0, 0, '2017-12-20', 0, 8, 5, 3, 0, 0, 0, 850, 34, 0, 0, 0, '2018-01-01 15:02:43', '2018-01-01 15:02:43'),
(238, 3, 2, '', 0, 2, 0, 0, 0, '2017-12-21', 0, 8, 5, 1, 0, 0, 0, 2700, 108, 0, 0, 0, '2018-01-01 15:03:36', '2018-01-01 15:03:36'),
(239, 3, 2, '', 0, 2, 0, 0, 0, '2017-12-21', 0, 8, 5, 2, 0, 0, 0, 1500, 60, 0, 0, 0, '2018-01-01 15:03:52', '2018-01-01 15:03:52'),
(240, 3, 2, '', 0, 2, 0, 0, 0, '2017-12-27', 0, 8, 5, 1, 0, 0, 0, 500, 20, 0, 0, 0, '2018-01-01 15:26:13', '2018-01-01 15:26:13'),
(241, 3, 2, '', 0, 2, 0, 0, 0, '2017-12-28', 0, 8, 5, 2, 0, 0, 0, 1500, 60, 0, 0, 0, '2018-01-01 15:26:32', '2018-01-01 15:26:32'),
(242, 3, 2, '', 0, 2, 0, 0, 0, '2017-12-28', 0, 8, 5, 3, 0, 0, 0, 500, 20, 0, 0, 0, '2018-01-01 15:26:52', '2018-01-01 15:26:52'),
(243, 3, 2, '', 0, 2, 0, 0, 0, '2017-12-28', 0, 8, 5, 3, 0, 0, 0, 500, 20, 0, 0, 0, '2018-01-01 15:27:00', '2018-01-01 15:27:00'),
(244, 3, 2, '', 0, 2, 0, 0, 0, '2017-12-29', 0, 8, 5, 1, 0, 0, 0, 1000, 40, 0, 0, 0, '2018-01-01 15:27:17', '2018-01-01 15:29:05'),
(245, 3, 2, '', 0, 2, 0, 0, 0, '2017-12-29', 0, 8, 5, 1, 0, 0, 0, 1500, 60, 0, 0, 0, '2018-01-01 15:29:34', '2018-01-01 15:29:34'),
(246, 3, 2, '', 0, 2, 0, 0, 0, '2017-12-29', 0, 8, 5, 1, 0, 0, 0, 1500, 60, 0, 0, 0, '2018-01-01 15:29:38', '2018-01-01 15:29:38'),
(247, 3, 2, '', 0, 2, 0, 0, 0, '2017-12-29', 0, 8, 5, 2, 0, 0, 0, 3000, 120, 0, 0, 0, '2018-01-01 15:29:54', '2018-01-01 15:29:54'),
(248, 3, 2, '', 0, 2, 0, 0, 0, '2017-12-29', 0, 8, 5, 3, 0, 0, 0, 1500, 60, 0, 0, 0, '2018-01-01 15:30:04', '2018-01-01 15:30:04'),
(249, 3, 2, '', 0, 2, 0, 0, 0, '2017-12-20', 0, 8, 3, 3, 0, 0, 0, 1035, 0, 0, 0, 0, '2018-01-01 15:32:19', '2018-01-01 15:32:19'),
(250, 3, 2, '', 0, 2, 0, 0, 0, '2017-12-30', 0, 8, 3, 1, 0, 0, 0, 960, 0, 0, 0, 0, '2018-01-01 15:32:38', '2018-01-01 15:32:38'),
(251, 3, 2, '', 0, 2, 0, 0, 0, '2017-12-30', 0, 8, 3, 1, 0, 0, 0, 4800, 0, 0, 0, 0, '2018-01-01 15:32:44', '2018-01-01 15:32:44'),
(252, 3, 2, '', 0, 2, 0, 0, 0, '2017-12-30', 0, 8, 3, 2, 0, 0, 0, 4320, 0, 0, 0, 0, '2018-01-01 15:32:56', '2018-01-01 15:32:56'),
(253, 3, 2, '', 0, 2, 0, 0, 0, '2017-12-30', 0, 8, 3, 3, 0, 0, 0, 1920, 0, 0, 0, 0, '2018-01-01 15:33:08', '2018-01-01 15:33:08'),
(254, 3, 2, '', 0, 2, 0, 0, 0, '2017-12-30', 0, 8, 3, 3, 0, 0, 0, 1440, 0, 0, 0, 0, '2018-01-01 15:33:17', '2018-01-01 15:33:17'),
(255, 3, 2, '', 0, 2, 0, 0, 0, '2017-12-31', 0, 8, 3, 1, 0, 0, 0, 960, 0, 0, 0, 0, '2018-01-01 15:33:40', '2018-01-01 15:33:40'),
(256, 3, 2, '', 0, 2, 0, 0, 0, '2017-12-31', 0, 8, 3, 1, 0, 0, 0, 3840, 0, 0, 0, 0, '2018-01-01 15:33:53', '2018-01-01 15:33:53'),
(257, 3, 2, '', 0, 1, 0, 0, 0, '2017-12-16', 0, 8, 2, 2, 0, 0, 0, 480, 0, 0, 0, 0, '2018-01-01 15:34:28', '2018-01-01 15:34:28'),
(258, 3, 2, '', 0, 1, 0, 0, 0, '2017-12-16', 0, 8, 2, 3, 0, 0, 0, 960, 0, 0, 0, 0, '2018-01-01 15:34:40', '2018-01-01 15:34:40'),
(259, 3, 2, '', 0, 1, 0, 0, 0, '2017-12-17', 0, 8, 2, 1, 0, 0, 0, 480, 0, 0, 0, 0, '2018-01-01 15:34:54', '2018-01-01 15:34:54'),
(260, 3, 2, '', 0, 1, 0, 0, 0, '2017-12-17', 0, 8, 2, 1, 0, 0, 0, 480, 0, 0, 0, 0, '2018-01-01 15:35:02', '2018-01-01 15:35:02'),
(261, 3, 2, '', 0, 1, 0, 0, 0, '2017-12-17', 0, 8, 2, 2, 0, 0, 0, 480, 0, 0, 0, 0, '2018-01-01 15:35:10', '2018-01-01 15:35:10'),
(262, 3, 2, '', 0, 1, 0, 0, 0, '2017-12-17', 0, 8, 2, 2, 0, 0, 0, 960, 0, 0, 0, 0, '2018-01-01 15:35:19', '2018-01-01 15:35:19'),
(263, 3, 2, '', 0, 1, 0, 0, 0, '2017-12-17', 0, 8, 2, 3, 0, 0, 0, 490, 0, 0, 0, 0, '2018-01-01 15:35:28', '2018-01-01 15:35:28'),
(264, 3, 2, '', 0, 1, 0, 0, 0, '2017-12-18', 0, 8, 2, 1, 0, 0, 0, 480, 0, 0, 0, 0, '2018-01-01 15:35:47', '2018-01-01 15:35:47'),
(265, 3, 2, '', 0, 1, 0, 0, 0, '2017-12-18', 0, 8, 2, 1, 0, 0, 0, 4830, 0, 0, 0, 0, '2018-01-01 15:35:53', '2018-01-01 15:35:53'),
(266, 3, 2, '', 0, 1, 0, 0, 0, '2017-12-18', 0, 8, 2, 2, 0, 0, 0, 384, 0, 0, 0, 0, '2018-01-01 15:36:04', '2018-01-01 15:36:04'),
(267, 3, 2, '', 0, 1, 0, 0, 0, '2017-12-18', 0, 8, 2, 2, 0, 0, 0, 480, 0, 0, 0, 0, '2018-01-01 15:36:10', '2018-01-01 15:36:10'),
(268, 3, 2, '', 0, 1, 0, 0, 0, '2017-12-18', 0, 8, 2, 3, 0, 0, 0, 980, 0, 0, 0, 0, '2018-01-01 15:36:21', '2018-01-01 15:36:21'),
(269, 3, 2, '', 0, 1, 0, 0, 0, '2017-12-18', 0, 8, 2, 3, 0, 0, 0, 960, 0, 0, 0, 0, '2018-01-01 15:36:26', '2018-01-01 15:36:26'),
(270, 3, 2, '', 0, 1, 0, 0, 0, '2017-12-18', 0, 8, 2, 3, 0, 0, 0, 490, 0, 0, 0, 0, '2018-01-01 15:37:22', '2018-01-01 15:37:22'),
(271, 3, 2, '', 0, 1, 0, 0, 0, '2017-12-18', 0, 8, 2, 3, 0, 0, 0, 1470, 0, 0, 0, 0, '2018-01-01 15:37:31', '2018-01-01 15:37:31'),
(272, 3, 2, '', 0, 1, 0, 0, 0, '2017-12-19', 0, 8, 2, 1, 0, 0, 0, 4808, 0, 0, 0, 0, '2018-01-01 15:37:56', '2018-01-01 15:37:56'),
(273, 3, 2, '', 0, 1, 0, 0, 0, '2017-12-19', 0, 8, 2, 2, 0, 0, 0, 48, 0, 0, 0, 0, '2018-01-01 15:38:03', '2018-01-01 15:38:03'),
(274, 3, 2, '', 0, 1, 0, 0, 0, '2017-12-19', 0, 8, 2, 2, 0, 0, 0, 3312, 0, 0, 0, 0, '2018-01-01 15:38:27', '2018-01-01 15:38:27'),
(275, 3, 2, '', 0, 1, 0, 0, 0, '2017-12-19', 0, 8, 2, 3, 0, 0, 0, 960, 0, 0, 0, 0, '2018-01-01 15:38:35', '2018-01-01 15:38:35'),
(276, 3, 2, '', 0, 1, 0, 0, 0, '2017-12-19', 0, 8, 2, 3, 0, 0, 0, 740, 0, 0, 0, 0, '2018-01-01 15:38:41', '2018-01-01 15:38:41'),
(277, 3, 2, '', 0, 1, 0, 0, 0, '2017-12-19', 0, 8, 2, 3, 0, 0, 0, 960, 0, 0, 0, 0, '2018-01-01 15:38:54', '2018-01-01 15:38:54'),
(278, 3, 2, '', 0, 1, 0, 0, 0, '2017-12-19', 0, 8, 2, 3, 0, 0, 0, 480, 0, 0, 0, 0, '2018-01-01 15:39:03', '2018-01-01 15:39:03'),
(279, 3, 2, '', 0, 1, 0, 0, 0, '2017-12-20', 0, 8, 2, 1, 0, 0, 0, 480, 0, 0, 0, 0, '2018-01-01 15:39:17', '2018-01-01 15:40:31'),
(280, 3, 2, '', 0, 1, 0, 0, 0, '2017-12-20', 0, 8, 2, 1, 0, 0, 0, 2880, 0, 0, 0, 0, '2018-01-01 15:42:18', '2018-01-01 15:43:22'),
(281, 3, 2, '', 0, 1, 0, 0, 0, '2017-12-20', 0, 8, 2, 2, 0, 0, 0, 2880, 0, 0, 0, 0, '2018-01-01 15:43:37', '2018-01-01 15:43:37'),
(282, 3, 2, '', 0, 1, 0, 0, 0, '2017-12-20', 0, 8, 2, 2, 0, 0, 0, 2400, 0, 0, 0, 0, '2018-01-01 15:43:55', '2018-01-01 15:43:55'),
(283, 3, 2, '', 0, 1, 0, 0, 0, '2017-12-20', 0, 8, 2, 2, 0, 0, 0, 2400, 0, 0, 0, 0, '2018-01-01 15:43:58', '2018-01-01 15:43:58'),
(284, 3, 2, '', 0, 1, 0, 0, 0, '2017-12-20', 0, 8, 2, 3, 0, 0, 0, 848, 0, 0, 0, 0, '2018-01-01 15:45:27', '2018-01-01 15:45:27'),
(285, 3, 2, '', 0, 1, 0, 0, 0, '2017-12-21', 0, 8, 2, 1, 0, 0, 0, 4388, 0, 0, 0, 0, '2018-01-01 15:45:43', '2018-01-01 15:45:43'),
(286, 3, 2, '', 0, 1, 0, 0, 0, '2017-12-21', 0, 8, 2, 2, 0, 0, 0, 480, 0, 0, 0, 0, '2018-01-01 15:46:05', '2018-01-01 15:46:05'),
(287, 3, 2, '', 0, 1, 0, 0, 0, '2017-12-26', 0, 8, 2, 2, 0, 0, 0, 1960, 0, 0, 0, 0, '2018-01-01 15:46:28', '2018-01-01 15:46:28'),
(288, 3, 2, '', 0, 1, 0, 0, 0, '2017-12-26', 0, 8, 2, 2, 0, 0, 0, 1360, 0, 0, 0, 0, '2018-01-01 15:46:35', '2018-01-01 15:46:35'),
(289, 3, 2, '', 0, 1, 0, 0, 0, '2017-12-27', 0, 8, 2, 1, 0, 0, 0, 480, 0, 0, 0, 0, '2018-01-01 15:46:51', '2018-01-01 15:46:51'),
(290, 3, 2, '', 0, 1, 0, 0, 0, '2017-12-27', 0, 8, 2, 1, 0, 0, 0, 960, 0, 0, 0, 0, '2018-01-01 15:46:57', '2018-01-01 15:46:57'),
(291, 3, 2, '', 0, 1, 0, 0, 0, '2017-12-27', 0, 8, 2, 1, 0, 0, 0, 1440, 0, 0, 0, 0, '2018-01-01 15:47:05', '2018-01-01 15:47:05'),
(292, 3, 2, '', 0, 1, 0, 0, 0, '2017-12-27', 0, 8, 2, 2, 0, 0, 0, 490, 0, 0, 0, 0, '2018-01-01 15:47:14', '2018-01-01 15:47:14'),
(293, 3, 2, '', 0, 1, 0, 0, 0, '2017-12-27', 0, 8, 2, 3, 0, 0, 0, 480, 0, 0, 0, 0, '2018-01-01 15:47:22', '2018-01-01 15:47:22'),
(294, 3, 2, '', 0, 1, 0, 0, 0, '2017-12-27', 0, 8, 2, 3, 0, 0, 0, 1920, 0, 0, 0, 0, '2018-01-01 15:47:26', '2018-01-01 15:47:26'),
(295, 3, 2, '', 0, 1, 0, 0, 0, '2017-12-28', 0, 8, 2, 1, 0, 0, 0, 4628, 0, 0, 0, 0, '2018-01-01 15:47:43', '2018-01-01 15:47:43'),
(296, 3, 2, '', 0, 1, 0, 0, 0, '2017-12-28', 0, 8, 2, 1, 0, 0, 0, 4340, 0, 0, 0, 0, '2018-01-01 15:47:49', '2018-01-01 15:47:49'),
(297, 3, 2, '', 0, 1, 0, 0, 0, '2017-12-28', 0, 8, 2, 2, 0, 0, 0, 1440, 0, 0, 0, 0, '2018-01-01 15:48:02', '2018-01-01 15:48:02'),
(298, 3, 2, '', 0, 1, 0, 0, 0, '2017-12-28', 0, 8, 2, 2, 0, 0, 0, 960, 0, 0, 0, 0, '2018-01-01 15:48:08', '2018-01-01 15:48:08'),
(299, 3, 2, '', 0, 1, 0, 0, 0, '2017-12-28', 0, 8, 2, 2, 0, 0, 0, 432, 0, 0, 0, 0, '2018-01-01 15:48:14', '2018-01-01 15:48:14'),
(300, 3, 2, '', 0, 1, 0, 0, 0, '2017-12-28', 0, 8, 2, 3, 0, 0, 0, 960, 0, 0, 0, 0, '2018-01-01 15:48:29', '2018-01-01 15:48:29'),
(301, 3, 2, '', 0, 1, 0, 0, 0, '2017-12-29', 0, 8, 2, 1, 0, 0, 0, 480, 0, 0, 0, 0, '2018-01-01 15:48:42', '2018-01-01 15:48:42'),
(302, 3, 2, '', 0, 1, 0, 0, 0, '2017-12-29', 0, 8, 2, 1, 0, 0, 0, 480, 0, 0, 0, 0, '2018-01-01 15:48:47', '2018-01-01 15:48:47'),
(303, 3, 2, '', 0, 1, 0, 0, 0, '2017-12-30', 0, 8, 2, 2, 0, 0, 0, 4320, 0, 0, 0, 0, '2018-01-01 15:49:03', '2018-01-01 15:49:03'),
(304, 3, 2, '', 0, 1, 0, 0, 0, '2017-12-30', 0, 8, 2, 3, 0, 0, 0, 1920, 0, 0, 0, 0, '2018-01-01 15:49:11', '2018-01-01 15:49:11'),
(305, 3, 2, '', 0, 1, 0, 0, 0, '2017-12-30', 0, 8, 2, 3, 0, 0, 0, 1920, 0, 0, 0, 0, '2018-01-01 15:49:16', '2018-01-01 15:49:16'),
(306, 3, 2, '', 0, 1, 0, 0, 0, '2017-12-31', 0, 8, 2, 1, 0, 0, 0, 480, 0, 0, 0, 0, '2018-01-01 15:49:35', '2018-01-01 15:49:35'),
(307, 3, 2, '', 0, 6, 0, 0, 0, '2017-12-31', 0, 8, 13, 1, 0, 5, 0, 0, 0, 2, 0, 1, '2018-01-02 04:29:36', '2018-01-02 04:29:36'),
(308, 3, 2, '', 0, 6, 0, 0, 0, '2017-12-31', 0, 8, 13, 2, 0, 4, 0, 0, 0, 3, 0, 1, '2018-01-02 04:30:28', '2018-01-02 04:30:28'),
(314, 5, 1, '23433', 20, 0, 14, 2.5, 700, '2017-12-18', 1, 1, 0, 0, 0, 0, 0, 0, 0, 0, 0, 0, '2018-02-07 07:29:08', '2018-02-07 07:29:08'),
(315, 5, 1, '23654', 20, 0, 14, 2.5, 700, '2017-12-19', 1, 1, 0, 0, 0, 0, 0, 0, 0, 0, 0, 0, '2018-02-07 07:29:27', '2018-02-07 07:29:27'),
(316, 6, 1, '27093', 20, 0, 14, 2.5, 700, '2017-11-22', 2, 1, 0, 0, 0, 0, 0, 0, 0, 0, 0, 0, '2018-02-07 07:34:01', '2018-02-07 07:34:01'),
(317, 6, 1, '27106', 20, 0, 14, 2.5, 700, '2017-11-22', 2, 1, 0, 0, 0, 0, 0, 0, 0, 0, 0, 0, '2018-02-07 07:34:13', '2018-02-07 07:34:13'),
(318, 6, 1, '27180', 20, 0, 14, 2.5, 700, '2017-11-23', 2, 1, 0, 0, 0, 0, 0, 0, 0, 0, 0, 0, '2018-02-07 07:34:34', '2018-02-07 07:34:34'),
(319, 6, 1, '27176', 20, 0, 14, 2.5, 700, '2017-11-23', 2, 1, 0, 0, 0, 0, 0, 0, 0, 0, 0, 0, '2018-02-07 07:34:44', '2018-02-07 07:34:44'),
(320, 6, 1, '27171', 20, 0, 14, 2.5, 700, '2017-11-23', 2, 1, 0, 0, 0, 0, 0, 0, 0, 0, 0, 0, '2018-02-07 07:34:54', '2018-02-07 07:34:54'),
(321, 6, 1, '27248', 20, 0, 14, 2.5, 700, '2017-11-24', 2, 1, 0, 0, 0, 0, 0, 0, 0, 0, 0, 0, '2018-02-07 07:35:14', '2018-02-07 07:35:14'),
(322, 6, 1, '27236', 20, 0, 14, 2.5, 700, '2017-11-24', 2, 1, 0, 0, 0, 0, 0, 0, 0, 0, 0, 0, '2018-02-07 07:35:24', '2018-02-07 07:35:24'),
(323, 6, 1, '27228', 20, 0, 14, 2.5, 700, '2017-11-24', 2, 1, 0, 0, 0, 0, 0, 0, 0, 0, 0, 0, '2018-02-07 07:37:57', '2018-02-07 07:37:57'),
(324, 6, 1, '27215', 20, 0, 14, 2.5, 700, '2017-11-24', 2, 1, 0, 0, 0, 0, 0, 0, 0, 0, 0, 0, '2018-02-07 07:38:06', '2018-02-07 07:38:06'),
(325, 6, 1, '27349', 20, 0, 14, 2.5, 700, '2017-11-25', 2, 1, 0, 0, 0, 0, 0, 0, 0, 0, 0, 0, '2018-02-07 07:38:48', '2018-02-07 07:43:49'),
(326, 6, 1, '27344', 20, 0, 14, 2.5, 700, '2017-11-25', 2, 1, 0, 0, 0, 0, 0, 0, 0, 0, 0, 0, '2018-02-07 07:38:56', '2018-02-07 07:43:36'),
(327, 6, 1, '27308', 20, 0, 14, 2.5, 700, '2017-11-25', 2, 1, 0, 0, 0, 0, 0, 0, 0, 0, 0, 0, '2018-02-07 07:39:05', '2018-02-07 07:41:18'),
(328, 6, 1, '27335', 20, 0, 14, 2.5, 700, '2017-11-25', 2, 1, 0, 0, 0, 0, 0, 0, 0, 0, 0, 0, '2018-02-07 07:39:12', '2018-02-07 07:43:22'),
(329, 6, 1, '27324', 20, 0, 14, 2.5, 700, '2017-11-25', 2, 1, 0, 0, 0, 0, 0, 0, 0, 0, 0, 0, '2018-02-07 07:39:21', '2018-02-07 07:42:41'),
(330, 6, 1, '27312', 20, 0, 14, 2.5, 700, '2017-11-25', 2, 1, 0, 0, 0, 0, 0, 0, 0, 0, 0, 0, '2018-02-07 07:39:29', '2018-02-07 07:42:19'),
(331, 6, 1, '27316', 20, 0, 14, 2.5, 700, '2017-11-25', 2, 1, 0, 0, 0, 0, 0, 0, 0, 0, 0, 0, '2018-02-07 07:40:00', '2018-02-07 07:40:00'),
(332, 6, 1, '23392', 20, 0, 15, 2.5, 750, '2017-11-20', 3, 1, 0, 0, 0, 0, 0, 0, 0, 0, 0, 0, '2018-02-07 07:51:48', '2018-02-07 07:51:48'),
(333, 6, 1, '27008', 20, 0, 15, 2.5, 750, '2017-11-20', 3, 1, 0, 0, 0, 0, 0, 0, 0, 0, 0, 0, '2018-02-07 07:52:00', '2018-02-07 07:52:00'),
(334, 6, 1, '23396', 20, 0, 15, 2.5, 750, '2017-11-20', 3, 1, 0, 0, 0, 0, 0, 0, 0, 0, 0, 0, '2018-02-07 07:52:09', '2018-02-07 07:52:09'),
(335, 6, 1, '27011', 20, 0, 15, 2.5, 750, '2017-11-20', 3, 1, 0, 0, 0, 0, 0, 0, 0, 0, 0, 0, '2018-02-07 07:52:21', '2018-02-07 07:52:21'),
(336, 6, 1, '27018', 20, 0, 15, 2.5, 750, '2017-11-20', 3, 1, 0, 0, 0, 0, 0, 0, 0, 0, 0, 0, '2018-02-07 07:52:30', '2018-02-07 07:52:30'),
(337, 6, 1, '27002', 20, 0, 15, 2.5, 750, '2017-11-20', 3, 1, 0, 0, 0, 0, 0, 0, 0, 0, 0, 0, '2018-02-07 07:52:39', '2018-02-07 07:52:39'),
(338, 6, 1, '23347', 20, 0, 15, 2.5, 750, '2017-11-21', 3, 1, 0, 0, 0, 0, 0, 0, 0, 0, 0, 0, '2018-02-07 07:53:00', '2018-02-07 07:53:00'),
(339, 6, 1, '27056', 20, 0, 15, 2.5, 750, '2017-11-21', 3, 1, 0, 0, 0, 0, 0, 0, 0, 0, 0, 0, '2018-02-07 07:53:10', '2018-02-07 07:53:10'),
(340, 6, 1, '27066', 20, 0, 15, 2.5, 750, '2017-11-21', 3, 1, 0, 0, 0, 0, 0, 0, 0, 0, 0, 0, '2018-02-07 07:53:20', '2018-02-07 07:53:20'),
(341, 6, 1, '27111', 20, 0, 15, 2.5, 750, '2017-11-22', 3, 1, 0, 0, 0, 0, 0, 0, 0, 0, 0, 0, '2018-02-07 07:53:40', '2018-02-07 07:53:40'),
(342, 6, 1, '27125', 20, 0, 15, 2.5, 750, '2017-11-22', 3, 1, 0, 0, 0, 0, 0, 0, 0, 0, 0, 0, '2018-02-07 07:53:49', '2018-02-07 07:53:49'),
(343, 6, 1, '27119', 20, 0, 15, 2.5, 750, '2017-11-22', 3, 1, 0, 0, 0, 0, 0, 0, 0, 0, 0, 0, '2018-02-07 07:53:58', '2018-02-07 07:53:58'),
(344, 6, 1, '27102', 20, 0, 15, 2.5, 750, '2017-11-22', 3, 1, 0, 0, 0, 0, 0, 0, 0, 0, 0, 0, '2018-02-07 07:54:07', '2018-02-07 07:54:07'),
(345, 6, 1, '27088', 20, 0, 15, 2.5, 750, '2017-11-22', 3, 1, 0, 0, 0, 0, 0, 0, 0, 0, 0, 0, '2018-02-07 07:54:16', '2018-02-07 07:54:16'),
(346, 6, 1, '27096', 20, 0, 15, 2.5, 750, '2017-11-22', 3, 1, 0, 0, 0, 0, 0, 0, 0, 0, 0, 0, '2018-02-07 07:54:28', '2018-02-07 07:54:28'),
(347, 6, 1, '27170', 20, 0, 15, 2.5, 750, '2017-11-23', 3, 1, 0, 0, 0, 0, 0, 0, 0, 0, 0, 0, '2018-02-07 07:54:51', '2018-02-07 07:54:51'),
(348, 6, 1, '27163', 20, 0, 15, 2.5, 750, '2017-11-23', 3, 1, 0, 0, 0, 0, 0, 0, 0, 0, 0, 0, '2018-02-07 07:55:00', '2018-02-07 07:55:00'),
(349, 6, 1, '27147', 20, 0, 15, 2.5, 750, '2017-11-23', 3, 1, 0, 0, 0, 0, 0, 0, 0, 0, 0, 0, '2018-02-07 07:55:08', '2018-02-07 07:55:08'),
(350, 6, 1, '27155', 20, 0, 15, 2.5, 750, '2017-11-23', 3, 1, 0, 0, 0, 0, 0, 0, 0, 0, 0, 0, '2018-02-07 07:55:16', '2018-02-07 07:55:16'),
(351, 6, 1, '27175', 20, 0, 15, 2.5, 750, '2017-11-23', 3, 1, 0, 0, 0, 0, 0, 0, 0, 0, 0, 0, '2018-02-07 07:55:25', '2018-02-07 07:55:25'),
(352, 6, 1, '27227', 20, 0, 15, 2.5, 750, '2017-11-24', 3, 1, 0, 0, 0, 0, 0, 0, 0, 0, 0, 0, '2018-02-07 07:56:42', '2018-02-07 07:56:42'),
(353, 6, 1, '27235', 20, 0, 15, 2.5, 750, '2017-11-24', 3, 1, 0, 0, 0, 0, 0, 0, 0, 0, 0, 0, '2018-02-07 07:56:51', '2018-02-07 07:56:51'),
(354, 6, 1, '27214', 20, 0, 15, 2.5, 750, '2017-11-24', 3, 1, 0, 0, 0, 0, 0, 0, 0, 0, 0, 0, '2018-02-07 07:57:00', '2018-02-07 07:57:00'),
(355, 6, 1, '27207', 20, 0, 15, 2.5, 750, '2017-11-24', 3, 1, 0, 0, 0, 0, 0, 0, 0, 0, 0, 0, '2018-02-07 07:57:08', '2018-02-07 07:57:08'),
(356, 6, 1, '27243', 20, 0, 15, 2.5, 750, '2017-11-24', 3, 1, 0, 0, 0, 0, 0, 0, 0, 0, 0, 0, '2018-02-07 07:57:18', '2018-02-07 07:57:18'),
(357, 1, 1, '27251', 20, 0, 15, 2.5, 750, '2017-11-24', 3, 1, 0, 0, 0, 0, 0, 0, 0, 0, 0, 0, '2018-02-07 08:00:54', '2018-02-07 08:00:54'),
(358, 6, 1, '27251', 20, 0, 15, 2.5, 750, '2017-11-24', 3, 1, 0, 0, 0, 0, 0, 0, 0, 0, 0, 0, '2018-02-07 08:01:28', '2018-02-07 08:01:28'),
(359, 6, 1, '27334', 20, 0, 15, 2.5, 750, '2017-11-25', 3, 1, 0, 0, 0, 0, 0, 0, 0, 0, 0, 0, '2018-02-07 08:04:48', '2018-02-07 08:04:48'),
(360, 6, 1, '27341', 20, 0, 15, 2.5, 750, '2017-11-25', 3, 1, 0, 0, 0, 0, 0, 0, 0, 0, 0, 0, '2018-02-07 08:05:20', '2018-02-07 08:05:20'),
(361, 6, 1, '27314', 20, 0, 15, 2.5, 750, '2017-11-25', 3, 1, 0, 0, 0, 0, 0, 0, 0, 0, 0, 0, '2018-02-07 08:05:29', '2018-02-07 08:05:29'),
(362, 6, 1, '27322', 20, 0, 15, 2.5, 750, '2017-11-25', 3, 1, 0, 0, 0, 0, 0, 0, 0, 0, 0, 0, '2018-02-07 08:05:37', '2018-02-07 08:05:37'),
(363, 6, 1, '27304', 20, 0, 15, 2.5, 750, '2017-11-25', 3, 1, 0, 0, 0, 0, 0, 0, 0, 0, 0, 0, '2018-02-07 08:05:50', '2018-02-07 08:05:50'),
(364, 6, 1, '27369', 20, 0, 15, 2.5, 750, '2017-11-28', 3, 1, 0, 0, 0, 0, 0, 0, 0, 0, 0, 0, '2018-02-07 08:06:08', '2018-02-07 08:06:08'),
(365, 4, 1, '23548', 20, 0, 15, 2.5, 750, '2017-12-15', 3, 1, 0, 0, 0, 0, 0, 0, 0, 0, 0, 0, '2018-02-07 08:12:26', '2018-02-07 08:12:26'),
(366, 4, 1, '23565', 20, 0, 15, 2.5, 750, '2017-12-15', 3, 1, 0, 0, 0, 0, 0, 0, 0, 0, 0, 0, '2018-02-07 08:12:44', '2018-02-07 08:12:44'),
(367, 4, 1, '23562', 20, 0, 15, 2.5, 750, '2017-12-15', 3, 1, 0, 0, 0, 0, 0, 0, 0, 0, 0, 0, '2018-02-07 08:13:03', '2018-02-07 08:13:03'),
(368, 4, 1, '23562', 20, 0, 15, 2.5, 750, '2017-12-15', 3, 1, 0, 0, 0, 0, 0, 0, 0, 0, 0, 0, '2018-02-07 08:13:38', '2018-02-07 08:13:38'),
(369, 4, 1, '23556', 20, 0, 15, 2.5, 750, '2017-12-15', 3, 1, 0, 0, 0, 0, 0, 0, 0, 0, 0, 0, '2018-02-07 08:13:47', '2018-02-07 08:13:47'),
(370, 4, 1, '23553', 20, 0, 15, 2.5, 750, '2017-12-15', 3, 1, 0, 0, 0, 0, 0, 0, 0, 0, 0, 0, '2018-02-07 08:13:55', '2018-02-07 08:13:55'),
(371, 4, 1, '23544', 20, 0, 15, 2.5, 750, '2017-12-15', 3, 1, 0, 0, 0, 0, 0, 0, 0, 0, 0, 0, '2018-02-07 08:14:02', '2018-02-07 08:14:02'),
(372, 4, 1, '23541', 20, 0, 15, 2.5, 750, '2017-12-15', 3, 1, 0, 0, 0, 0, 0, 0, 0, 0, 0, 0, '2018-02-07 08:14:13', '2018-02-07 08:14:13'),
(373, 4, 1, '23567', 20, 0, 15, 2.5, 750, '2017-12-15', 3, 1, 0, 0, 0, 0, 0, 0, 0, 0, 0, 0, '2018-02-07 08:14:26', '2018-02-07 08:14:26'),
(374, 4, 1, '23571', 20, 0, 15, 2.5, 750, '2017-12-15', 3, 1, 0, 0, 0, 0, 0, 0, 0, 0, 0, 0, '2018-02-07 08:14:34', '2018-02-07 08:14:34'),
(375, 4, 1, '23599', 20, 0, 15, 2.5, 750, '2017-12-16', 3, 1, 0, 0, 0, 0, 0, 0, 0, 0, 0, 0, '2018-02-07 08:15:28', '2018-02-07 08:15:28'),
(376, 4, 1, '23411', 20, 0, 15, 2.5, 750, '2017-12-16', 3, 1, 0, 0, 0, 0, 0, 0, 0, 0, 0, 0, '2018-02-07 08:15:37', '2018-02-07 08:15:37'),
(377, 4, 1, '23405', 20, 0, 15, 2.5, 750, '2017-12-16', 3, 1, 0, 0, 0, 0, 0, 0, 0, 0, 0, 0, '2018-02-07 08:15:45', '2018-02-07 08:15:45'),
(378, 4, 1, '23573', 20, 0, 15, 2.5, 750, '2017-12-16', 3, 1, 0, 0, 0, 0, 0, 0, 0, 0, 0, 0, '2018-02-07 08:15:52', '2018-02-07 08:15:52'),
(379, 4, 1, '23593', 20, 0, 15, 2.5, 750, '2017-12-16', 3, 1, 0, 0, 0, 0, 0, 0, 0, 0, 0, 0, '2018-02-07 08:16:00', '2018-02-07 08:16:00'),
(380, 4, 1, '23589', 20, 0, 15, 2.5, 750, '2017-12-16', 3, 1, 0, 0, 0, 0, 0, 0, 0, 0, 0, 0, '2018-02-07 08:16:10', '2018-02-07 08:16:10'),
(381, 4, 1, '23578', 20, 0, 15, 2.5, 750, '2017-12-16', 3, 1, 0, 0, 0, 0, 0, 0, 0, 0, 0, 0, '2018-02-07 08:16:18', '2018-02-07 08:16:18'),
(382, 4, 1, '23583', 20, 0, 15, 2.5, 750, '2017-12-16', 3, 1, 0, 0, 0, 0, 0, 0, 0, 0, 0, 0, '2018-02-07 08:16:26', '2018-02-07 08:16:26'),
(383, 4, 1, '23434', 20, 0, 15, 2.5, 750, '2017-12-18', 3, 1, 0, 0, 0, 0, 0, 0, 0, 0, 0, 0, '2018-02-07 08:17:02', '2018-02-07 08:17:02'),
(384, 4, 1, '23637', 20, 0, 15, 2.5, 750, '2017-12-18', 3, 1, 0, 0, 0, 0, 0, 0, 0, 0, 0, 0, '2018-02-07 08:17:10', '2018-02-07 08:17:10'),
(385, 4, 1, '23630', 20, 0, 15, 2.5, 750, '2017-12-18', 3, 1, 0, 0, 0, 0, 0, 0, 0, 0, 0, 0, '2018-02-07 08:17:19', '2018-02-07 08:17:19'),
(386, 4, 1, '23626', 20, 0, 15, 2.5, 750, '2017-12-18', 3, 1, 0, 0, 0, 0, 0, 0, 0, 0, 0, 0, '2018-02-07 08:17:27', '2018-02-07 08:17:27'),
(387, 4, 1, '23619', 20, 0, 15, 2.5, 750, '2017-12-18', 3, 1, 0, 0, 0, 0, 0, 0, 0, 0, 0, 0, '2018-02-07 08:17:40', '2018-02-07 08:17:40'),
(388, 4, 1, '23612', 20, 0, 15, 2.5, 750, '2017-12-20', 3, 1, 0, 0, 0, 0, 0, 0, 0, 0, 0, 0, '2018-02-07 08:17:55', '2018-02-07 08:17:55'),
(389, 4, 1, '23696', 20, 0, 15, 2.5, 750, '2017-12-20', 3, 1, 0, 0, 0, 0, 0, 0, 0, 0, 0, 0, '2018-02-07 08:18:04', '2018-02-07 08:18:04'),
(390, 4, 1, '23607', 20, 0, 15, 2.5, 750, '2017-12-20', 3, 1, 0, 0, 0, 0, 0, 0, 0, 0, 0, 0, '2018-02-07 08:18:12', '2018-02-07 08:18:12'),
(391, 4, 1, '23601', 20, 0, 15, 2.5, 750, '2017-12-20', 3, 1, 0, 0, 0, 0, 0, 0, 0, 0, 0, 0, '2018-02-07 08:18:19', '2018-02-07 08:18:19'),
(392, 4, 1, '23782', 20, 0, 15, 2.5, 750, '2017-12-27', 3, 1, 0, 0, 0, 0, 0, 0, 0, 0, 0, 0, '2018-02-07 08:18:48', '2018-02-07 08:18:48'),
(393, 4, 1, '23789', 20, 0, 15, 2.5, 750, '2017-12-27', 3, 1, 0, 0, 0, 0, 0, 0, 0, 0, 0, 0, '2018-02-07 08:18:57', '2018-02-07 08:18:57'),
(394, 4, 1, '23799', 20, 0, 15, 2.5, 750, '2017-12-27', 3, 1, 0, 0, 0, 0, 0, 0, 0, 0, 0, 0, '2018-02-07 08:19:05', '2018-02-07 08:19:05'),
(395, 4, 1, '23785', 20, 0, 15, 2.5, 750, '2017-12-27', 3, 1, 0, 0, 0, 0, 0, 0, 0, 0, 0, 0, '2018-02-07 08:19:15', '2018-02-07 08:19:15'),
(396, 4, 1, '23794', 20, 0, 15, 2.5, 750, '2017-12-27', 3, 1, 0, 0, 0, 0, 0, 0, 0, 0, 0, 0, '2018-02-07 08:19:25', '2018-02-07 08:19:25'),
(397, 4, 1, '23648', 20, 0, 15, 2.5, 750, '2017-12-27', 3, 1, 0, 0, 0, 0, 0, 0, 0, 0, 0, 0, '2018-02-07 08:19:36', '2018-02-07 08:19:36'),
(398, 4, 1, '23764', 20, 0, 15, 2.5, 750, '2017-12-27', 3, 1, 0, 0, 0, 0, 0, 0, 0, 0, 0, 0, '2018-02-07 08:19:48', '2018-02-07 08:19:48');
INSERT INTO `deliveries` (`id`, `billing_id`, `form_type`, `ticket_no`, `rate_per_cubic_meter`, `rate_id`, `capacity`, `kilometers`, `amount`, `date`, `truck_id`, `company_id`, `destination_id`, `shift_id`, `load_area_id`, `material_id`, `source_id`, `no_of_bags`, `flecon_bags`, `no_of_trips`, `total`, `above`, `date_created`, `date_modified`) VALUES
(399, 4, 1, '23753', 20, 0, 15, 2.5, 750, '2017-12-27', 3, 1, 0, 0, 0, 0, 0, 0, 0, 0, 0, 0, '2018-02-07 08:19:57', '2018-02-07 08:19:57'),
(400, 4, 1, '23769', 20, 0, 15, 2.5, 750, '2017-12-27', 3, 1, 0, 0, 0, 0, 0, 0, 0, 0, 0, 0, '2018-02-07 08:20:04', '2018-02-07 08:20:04'),
(401, 4, 1, '23774', 20, 0, 15, 2.5, 750, '2017-12-27', 3, 1, 0, 0, 0, 0, 0, 0, 0, 0, 0, 0, '2018-02-07 08:20:44', '2018-02-07 08:20:44'),
(402, 4, 1, '23759', 20, 0, 15, 2.5, 750, '2017-12-27', 3, 1, 0, 0, 0, 0, 0, 0, 0, 0, 0, 0, '2018-02-07 08:20:57', '2018-02-07 08:20:57'),
(403, 4, 1, '23638', 20, 0, 15, 2.5, 750, '2017-12-27', 3, 1, 0, 0, 0, 0, 0, 0, 0, 0, 0, 0, '2018-02-07 08:21:04', '2018-02-07 08:21:04'),
(404, 4, 1, '23643', 20, 0, 15, 2.5, 750, '2017-12-27', 3, 1, 0, 0, 0, 0, 0, 0, 0, 0, 0, 0, '2018-02-07 08:21:12', '2018-02-07 08:21:12'),
(405, 4, 1, '23820', 20, 0, 15, 2.5, 750, '2017-12-28', 3, 1, 0, 0, 0, 0, 0, 0, 0, 0, 0, 0, '2018-02-07 08:21:24', '2018-02-07 08:21:24'),
(406, 4, 1, '23830', 20, 0, 15, 2.5, 750, '2017-12-28', 3, 1, 0, 0, 0, 0, 0, 0, 0, 0, 0, 0, '2018-02-07 08:21:33', '2018-02-07 08:21:33'),
(407, 4, 1, '23834', 20, 0, 15, 2.5, 750, '2017-12-28', 3, 1, 0, 0, 0, 0, 0, 0, 0, 0, 0, 0, '2018-02-07 08:21:44', '2018-02-07 08:21:44'),
(408, 4, 1, '23812', 20, 0, 15, 2.5, 750, '2017-12-28', 3, 1, 0, 0, 0, 0, 0, 0, 0, 0, 0, 0, '2018-02-07 08:21:51', '2018-02-07 08:21:51'),
(409, 4, 1, '23838', 20, 0, 15, 2.5, 750, '2017-12-28', 3, 1, 0, 0, 0, 0, 0, 0, 0, 0, 0, 0, '2018-02-07 08:21:58', '2018-02-07 08:21:58'),
(410, 4, 1, '23816', 20, 0, 15, 2.5, 750, '2017-12-28', 3, 1, 0, 0, 0, 0, 0, 0, 0, 0, 0, 0, '2018-02-07 08:22:06', '2018-02-07 08:22:06'),
(411, 9, 2, '', 0, 1, 0, 0, 0, '2018-01-06', 0, 8, 10, 2, 0, 0, 0, 1000, 40, 0, 0, 0, '2018-02-07 08:38:19', '2018-02-07 08:38:19'),
(412, 9, 2, '', 0, 1, 0, 0, 0, '2018-01-06', 0, 8, 10, 3, 0, 0, 0, 1500, 60, 0, 0, 0, '2018-02-07 08:38:58', '2018-02-07 08:38:58'),
(413, 9, 2, '', 0, 1, 0, 0, 0, '2018-01-06', 0, 8, 10, 3, 0, 0, 0, 975, 39, 0, 0, 0, '2018-02-07 08:44:55', '2018-02-07 08:44:55'),
(414, 9, 2, '', 0, 1, 0, 0, 0, '2018-01-07', 0, 8, 10, 1, 0, 0, 0, 1500, 60, 0, 0, 0, '2018-02-07 08:45:44', '2018-02-07 08:45:44'),
(415, 9, 2, '', 0, 1, 0, 0, 0, '2018-01-08', 0, 8, 10, 1, 0, 0, 0, 1205, 0, 0, 0, 0, '2018-02-07 08:46:09', '2018-02-07 08:46:09'),
(416, 9, 2, '', 0, 1, 0, 0, 0, '2017-12-31', 0, 8, 2, 2, 0, 0, 0, 2832, 0, 0, 0, 0, '2018-02-07 08:48:37', '2018-02-07 08:48:37'),
(417, 9, 2, '', 0, 1, 0, 0, 0, '2018-01-01', 0, 8, 2, 2, 0, 0, 0, 1930, 0, 0, 0, 0, '2018-02-07 08:49:22', '2018-02-07 08:49:22'),
(418, 9, 2, '', 0, 1, 0, 0, 0, '2018-01-02', 0, 8, 2, 2, 0, 0, 0, 960, 0, 0, 0, 0, '2018-02-07 08:49:54', '2018-02-07 08:49:54'),
(419, 9, 2, '', 0, 1, 0, 0, 0, '2018-01-03', 0, 8, 2, 1, 0, 0, 0, 3370, 0, 0, 0, 0, '2018-02-07 08:50:13', '2018-02-07 08:50:13'),
(420, 9, 2, '', 0, 1, 0, 0, 0, '2018-01-03', 0, 8, 2, 3, 0, 0, 0, 960, 0, 0, 0, 0, '2018-02-07 08:50:25', '2018-02-07 08:50:25'),
(421, 9, 2, '', 0, 1, 0, 0, 0, '2018-01-03', 0, 8, 2, 3, 0, 0, 0, 480, 0, 0, 0, 0, '2018-02-07 08:50:41', '2018-02-07 08:50:41'),
(422, 9, 2, '', 0, 1, 0, 0, 0, '2018-01-03', 0, 8, 2, 2, 0, 0, 0, 4366, 0, 0, 0, 0, '2018-02-07 08:51:11', '2018-02-07 08:51:11'),
(423, 9, 2, '', 0, 1, 0, 0, 0, '2018-01-03', 0, 8, 2, 3, 0, 0, 0, 480, 0, 0, 0, 0, '2018-02-07 08:51:32', '2018-02-07 08:51:32'),
(424, 9, 2, '', 0, 1, 0, 0, 0, '2018-01-04', 0, 8, 2, 1, 0, 0, 0, 3360, 0, 0, 0, 0, '2018-02-07 08:51:56', '2018-02-07 08:51:56'),
(425, 9, 2, '', 0, 1, 0, 0, 0, '2018-01-04', 0, 8, 2, 2, 0, 0, 0, 4272, 0, 0, 0, 0, '2018-02-07 08:52:19', '2018-02-07 08:52:19'),
(426, 9, 2, '', 0, 1, 0, 0, 0, '2018-01-04', 0, 8, 2, 3, 0, 0, 0, 2224, 0, 0, 0, 0, '2018-02-07 08:52:39', '2018-02-07 08:52:39'),
(427, 9, 2, '', 0, 1, 0, 0, 0, '2018-01-05', 0, 8, 2, 1, 0, 0, 0, 480, 0, 0, 0, 0, '2018-02-07 08:55:15', '2018-02-07 08:55:15'),
(428, 9, 2, '', 0, 1, 0, 0, 0, '2018-01-05', 0, 8, 2, 1, 0, 0, 0, 1056, 0, 0, 0, 0, '2018-02-07 08:55:34', '2018-02-07 08:55:34'),
(429, 9, 2, '', 0, 1, 0, 0, 0, '2018-01-05', 0, 8, 2, 2, 0, 0, 0, 1950, 0, 0, 0, 0, '2018-02-07 08:55:53', '2018-02-07 08:55:53'),
(430, 9, 2, '', 0, 1, 0, 0, 0, '2018-01-05', 0, 8, 2, 2, 0, 0, 0, 1930, 0, 0, 0, 0, '2018-02-07 08:56:06', '2018-02-07 08:56:06'),
(431, 9, 2, '', 0, 1, 0, 0, 0, '2018-01-05', 0, 8, 2, 2, 0, 0, 0, 490, 0, 0, 0, 0, '2018-02-07 08:56:11', '2018-02-07 08:56:11'),
(432, 9, 2, '', 0, 1, 0, 0, 0, '2018-01-05', 0, 8, 2, 3, 0, 0, 0, 1930, 0, 0, 0, 0, '2018-02-07 08:56:34', '2018-02-07 08:56:34'),
(433, 9, 2, '', 0, 1, 0, 0, 0, '2018-01-05', 0, 8, 2, 3, 0, 0, 0, 480, 0, 0, 0, 0, '2018-02-07 08:56:44', '2018-02-07 08:56:44'),
(434, 9, 2, '', 0, 1, 0, 0, 0, '2018-01-05', 0, 8, 2, 3, 0, 0, 0, 960, 0, 0, 0, 0, '2018-02-07 08:56:58', '2018-02-07 08:56:58'),
(435, 9, 2, '', 0, 1, 0, 0, 0, '2018-01-06', 0, 8, 2, 1, 0, 0, 0, 3360, 0, 0, 0, 0, '2018-02-07 08:57:16', '2018-02-07 08:57:16'),
(436, 9, 2, '', 0, 1, 0, 0, 0, '2018-01-06', 0, 8, 2, 2, 0, 0, 0, 480, 0, 0, 0, 0, '2018-02-07 08:57:44', '2018-02-07 08:57:44'),
(437, 9, 2, '', 0, 1, 0, 0, 0, '2018-01-06', 0, 8, 2, 2, 0, 0, 0, 960, 0, 0, 0, 0, '2018-02-07 08:57:53', '2018-02-07 08:57:53'),
(438, 9, 2, '', 0, 1, 0, 0, 0, '2018-01-06', 0, 8, 2, 2, 0, 0, 0, 1920, 0, 0, 0, 0, '2018-02-07 08:58:03', '2018-02-07 08:58:03'),
(439, 9, 2, '', 0, 1, 0, 0, 0, '2018-01-06', 0, 8, 2, 2, 0, 0, 0, 490, 0, 0, 0, 0, '2018-02-07 08:58:11', '2018-02-07 08:58:11'),
(440, 9, 2, '', 0, 1, 0, 0, 0, '2018-01-07', 0, 8, 2, 2, 0, 0, 0, 960, 0, 0, 0, 0, '2018-02-07 09:00:20', '2018-02-07 09:00:20'),
(441, 9, 2, '', 0, 1, 0, 0, 0, '2018-01-07', 0, 8, 2, 2, 0, 0, 0, 480, 0, 0, 0, 0, '2018-02-07 09:00:41', '2018-02-07 09:00:41'),
(442, 9, 2, '', 0, 1, 0, 0, 0, '2018-01-07', 0, 8, 2, 3, 0, 0, 0, 1440, 0, 0, 0, 0, '2018-02-07 09:01:00', '2018-02-07 09:01:00'),
(443, 9, 2, '', 0, 1, 0, 0, 0, '2018-01-08', 0, 8, 2, 2, 0, 0, 0, 480, 0, 0, 0, 0, '2018-02-07 09:01:14', '2018-02-07 09:01:14'),
(444, 9, 2, '', 0, 1, 0, 0, 0, '2018-01-09', 0, 8, 2, 1, 0, 0, 0, 2450, 0, 0, 0, 0, '2018-02-07 09:01:31', '2018-02-07 09:01:31'),
(445, 9, 2, '', 0, 1, 0, 0, 0, '2018-01-09', 0, 8, 2, 2, 0, 0, 0, 490, 0, 0, 0, 0, '2018-02-07 09:01:47', '2018-02-07 09:01:47'),
(446, 9, 2, '', 0, 1, 0, 0, 0, '2018-01-09', 0, 8, 2, 2, 0, 8, 0, 960, 0, 0, 0, 0, '2018-02-07 09:02:01', '2018-02-07 09:09:22'),
(447, 9, 2, '', 0, 1, 0, 0, 0, '2018-01-10', 0, 8, 2, 2, 0, 0, 0, 1440, 0, 0, 0, 0, '2018-02-07 09:10:03', '2018-02-07 09:10:03'),
(448, 9, 2, '', 0, 1, 0, 0, 0, '2018-01-10', 0, 8, 2, 3, 0, 0, 0, 2400, 0, 0, 0, 0, '2018-02-07 09:10:23', '2018-02-07 09:10:23'),
(449, 9, 2, '', 0, 1, 0, 0, 0, '2018-01-10', 0, 8, 2, 3, 0, 0, 0, 1248, 0, 0, 0, 0, '2018-02-07 09:10:36', '2018-02-07 09:10:36'),
(450, 9, 2, '', 0, 1, 0, 0, 0, '2018-01-11', 0, 8, 2, 1, 0, 0, 0, 3312, 0, 0, 0, 0, '2018-02-07 09:16:04', '2018-02-07 09:16:04'),
(451, 9, 2, '', 0, 1, 0, 0, 0, '2018-01-11', 0, 8, 2, 1, 0, 0, 0, 2880, 0, 0, 0, 0, '2018-02-07 09:16:53', '2018-02-07 09:16:53'),
(452, 9, 2, '', 0, 1, 0, 0, 0, '2018-01-11', 0, 8, 2, 2, 0, 0, 0, 1440, 0, 0, 0, 0, '2018-02-07 09:17:10', '2018-02-07 09:17:10'),
(453, 9, 2, '', 0, 1, 0, 0, 0, '2018-01-11', 0, 8, 2, 2, 0, 0, 0, 864, 0, 0, 0, 0, '2018-02-07 09:17:20', '2018-02-07 09:17:20'),
(454, 9, 2, '', 0, 1, 0, 0, 0, '2018-01-11', 0, 8, 2, 2, 0, 0, 0, 480, 0, 0, 0, 0, '2018-02-07 09:19:15', '2018-02-07 09:19:15'),
(455, 9, 2, '', 0, 1, 0, 0, 0, '2018-01-12', 0, 8, 2, 1, 0, 0, 0, 4800, 0, 0, 0, 0, '2018-02-07 09:19:30', '2018-02-07 09:19:30'),
(456, 9, 2, '', 0, 1, 0, 0, 0, '2018-01-12', 0, 8, 2, 1, 0, 0, 0, 960, 0, 0, 0, 0, '2018-02-07 09:19:40', '2018-02-07 09:19:40'),
(457, 9, 2, '', 0, 1, 0, 0, 0, '2018-01-12', 0, 8, 2, 3, 0, 0, 0, 1960, 0, 0, 0, 0, '2018-02-07 09:20:52', '2018-02-07 09:20:52'),
(458, 9, 2, '', 0, 1, 0, 0, 0, '2018-01-13', 0, 8, 2, 1, 0, 0, 0, 5280, 0, 0, 0, 0, '2018-02-07 09:25:41', '2018-02-07 09:25:41'),
(459, 9, 2, '', 0, 1, 0, 0, 0, '2018-01-13', 0, 8, 2, 3, 0, 8, 0, 960, 0, 0, 0, 0, '2018-02-07 09:30:06', '2018-02-07 09:32:11'),
(460, 9, 2, '', 0, 1, 0, 0, 0, '2018-01-13', 0, 8, 2, 1, 0, 0, 0, 1392, 0, 0, 0, 0, '2018-02-07 09:32:54', '2018-02-07 09:32:54'),
(461, 9, 2, '', 0, 1, 0, 0, 0, '2018-01-14', 0, 8, 2, 1, 0, 0, 0, 480, 0, 0, 0, 0, '2018-02-07 09:33:11', '2018-02-07 09:33:11'),
(462, 9, 2, '', 0, 1, 0, 0, 0, '2018-01-14', 0, 8, 2, 1, 0, 0, 0, 1440, 0, 0, 0, 0, '2018-02-07 09:33:20', '2018-02-07 09:33:20'),
(463, 9, 2, '', 0, 1, 0, 0, 0, '2018-01-12', 0, 8, 2, 2, 0, 0, 0, 3744, 0, 0, 0, 0, '2018-02-07 09:37:26', '2018-02-07 09:37:26'),
(464, 9, 2, '', 0, 1, 0, 0, 0, '2018-01-12', 0, 8, 2, 2, 0, 0, 0, 480, 0, 0, 0, 0, '2018-02-07 09:37:38', '2018-02-07 09:37:38'),
(465, 9, 2, '', 0, 1, 0, 0, 0, '2018-01-12', 0, 8, 2, 3, 0, 0, 0, 2880, 0, 0, 0, 0, '2018-02-07 09:39:17', '2018-02-07 09:39:17'),
(466, 9, 2, '', 0, 1, 0, 0, 0, '2018-01-13', 0, 8, 2, 2, 0, 0, 0, 960, 0, 0, 0, 0, '2018-02-07 09:43:08', '2018-02-07 09:43:08'),
(467, 9, 2, '', 0, 1, 0, 0, 0, '2018-01-13', 0, 8, 2, 2, 0, 0, 0, 960, 0, 0, 0, 0, '2018-02-07 09:43:15', '2018-02-07 09:43:15'),
(468, 9, 2, '', 0, 1, 0, 0, 0, '2018-01-13', 0, 8, 2, 2, 0, 0, 0, 960, 0, 0, 0, 0, '2018-02-07 09:43:27', '2018-02-07 09:43:27'),
(469, 9, 2, '', 0, 1, 0, 0, 0, '2018-01-13', 0, 8, 2, 2, 0, 0, 0, 960, 0, 0, 0, 0, '2018-02-07 09:49:54', '2018-02-07 09:49:54'),
(470, 9, 2, '', 0, 1, 0, 0, 0, '2018-01-13', 0, 8, 2, 2, 0, 0, 0, 480, 0, 0, 0, 0, '2018-02-07 09:50:09', '2018-02-07 09:50:09'),
(471, 9, 2, '', 0, 1, 0, 0, 0, '2018-01-13', 0, 8, 2, 1, 0, 0, 0, 480, 0, 0, 0, 0, '2018-02-07 09:50:39', '2018-02-07 09:50:39'),
(472, 9, 2, '', 0, 1, 0, 0, 0, '2018-01-13', 0, 8, 2, 1, 0, 0, 0, 1920, 0, 0, 0, 0, '2018-02-07 09:52:29', '2018-02-07 09:52:29'),
(473, 9, 2, '', 0, 1, 0, 0, 0, '2018-01-15', 0, 8, 2, 3, 0, 8, 0, 480, 0, 0, 0, 0, '2018-02-07 09:55:14', '2018-02-07 10:03:08'),
(474, 9, 2, '', 0, 1, 0, 0, 0, '2018-01-15', 0, 8, 2, 2, 0, 0, 0, 2928, 0, 0, 0, 0, '2018-02-07 10:06:49', '2018-02-07 10:06:49'),
(475, 9, 2, '', 0, 1, 0, 0, 0, '2018-01-11', 0, 8, 2, 3, 0, 0, 0, 3360, 0, 0, 0, 0, '2018-02-07 10:07:08', '2018-02-07 10:07:08'),
(476, 9, 2, '', 0, 1, 0, 0, 0, '2018-01-15', 0, 8, 2, 3, 0, 0, 0, 776, 0, 0, 0, 0, '2018-02-07 10:07:52', '2018-02-07 10:07:52'),
(477, 9, 2, '', 0, 1, 0, 0, 0, '2018-01-15', 0, 8, 2, 2, 0, 0, 0, 3176, 0, 0, 0, 0, '2018-02-07 10:08:07', '2018-02-07 10:08:07'),
(478, 9, 2, '', 0, 1, 0, 0, 0, '2018-01-15', 0, 8, 2, 3, 0, 0, 0, 980, 0, 0, 0, 0, '2018-02-07 10:08:21', '2018-02-07 10:08:21'),
(479, 9, 2, '', 0, 1, 0, 0, 0, '2018-01-14', 0, 8, 2, 2, 0, 0, 0, 2880, 0, 0, 0, 0, '2018-02-07 10:24:38', '2018-02-07 10:24:38'),
(480, 9, 2, '', 0, 1, 0, 0, 0, '2018-01-16', 0, 8, 2, 2, 0, 0, 0, 1920, 0, 0, 0, 0, '2018-02-07 10:51:56', '2018-02-07 10:51:56'),
(481, 9, 2, '', 0, 1, 0, 0, 0, '2018-01-16', 0, 8, 2, 1, 0, 0, 0, 490, 0, 0, 0, 0, '2018-02-07 10:52:24', '2018-02-07 10:52:24'),
(482, 9, 2, '', 0, 1, 0, 0, 0, '2018-01-16', 0, 8, 2, 1, 0, 0, 0, 480, 0, 0, 0, 0, '2018-02-07 10:52:32', '2018-02-07 10:52:32'),
(483, 9, 2, '', 0, 1, 0, 0, 0, '2018-01-16', 0, 8, 2, 1, 0, 0, 0, 3360, 0, 0, 0, 0, '2018-02-07 10:52:45', '2018-02-07 10:52:45'),
(484, 9, 2, '', 0, 1, 0, 0, 0, '2018-01-16', 0, 8, 2, 3, 0, 0, 0, 1920, 0, 0, 0, 0, '2018-02-07 10:52:59', '2018-02-07 10:52:59'),
(485, 9, 2, '', 0, 1, 0, 0, 0, '2018-01-17', 0, 8, 2, 1, 0, 0, 0, 4800, 0, 0, 0, 0, '2018-02-07 10:53:58', '2018-02-07 10:53:58'),
(486, 9, 2, '', 0, 1, 0, 0, 0, '2018-01-16', 0, 8, 2, 2, 0, 0, 0, 2160, 0, 0, 0, 0, '2018-02-07 11:48:05', '2018-02-07 11:48:05'),
(487, 9, 2, '', 0, 1, 0, 0, 0, '2018-01-16', 0, 8, 2, 2, 0, 0, 0, 1470, 0, 0, 0, 0, '2018-02-07 11:48:18', '2018-02-07 11:48:18'),
(488, 9, 2, '', 0, 1, 0, 0, 0, '2018-01-16', 0, 8, 2, 2, 0, 0, 0, 480, 0, 0, 0, 0, '2018-02-07 11:48:32', '2018-02-07 11:48:32'),
(489, 9, 2, '', 0, 1, 0, 0, 0, '2018-01-16', 0, 8, 2, 3, 0, 0, 0, 539, 0, 0, 0, 0, '2018-02-07 11:48:43', '2018-02-07 11:48:43'),
(490, 9, 2, '', 0, 1, 0, 0, 0, '2018-01-16', 0, 8, 2, 2, 0, 0, 0, 3840, 0, 0, 0, 0, '2018-02-07 11:49:06', '2018-02-07 11:49:06'),
(491, 9, 2, '', 0, 1, 0, 0, 0, '2018-01-16', 0, 8, 2, 3, 0, 0, 0, 1440, 0, 0, 0, 0, '2018-02-07 11:49:21', '2018-02-07 11:49:21'),
(492, 9, 2, '', 0, 1, 0, 0, 0, '2018-01-16', 0, 8, 2, 3, 0, 0, 0, 2891, 0, 0, 0, 0, '2018-02-07 11:49:31', '2018-02-07 11:49:31'),
(493, 9, 2, '', 0, 1, 0, 0, 0, '2018-01-17', 0, 8, 2, 1, 0, 0, 0, 2880, 0, 0, 0, 0, '2018-02-07 11:49:50', '2018-02-07 11:49:50'),
(494, 9, 2, '', 0, 1, 0, 0, 0, '2018-01-17', 0, 8, 2, 1, 0, 0, 0, 1470, 0, 0, 0, 0, '2018-02-07 11:49:58', '2018-02-07 11:49:58'),
(495, 10, 1, '24888', 20, 0, 15, 2.5, 750, '2018-02-17', 3, 1, 0, 0, 0, 0, 0, 0, 0, 0, 0, 0, '2018-03-04 14:22:32', '2018-03-04 14:22:32'),
(496, 10, 1, '24884', 20, 0, 15, 2.5, 750, '2018-02-17', 3, 1, 0, 0, 0, 0, 0, 0, 0, 0, 0, 0, '2018-03-04 14:22:43', '2018-03-04 14:22:43'),
(497, 10, 1, '24880', 20, 0, 15, 2.5, 750, '2018-02-17', 3, 1, 0, 0, 0, 0, 0, 0, 0, 0, 0, 0, '2018-03-04 14:22:51', '2018-03-04 14:22:51'),
(498, 10, 1, '24872', 20, 0, 15, 2.5, 750, '2018-02-17', 3, 1, 0, 0, 0, 0, 0, 0, 0, 0, 0, 0, '2018-03-04 14:23:07', '2018-03-04 14:23:07'),
(499, 10, 1, '24798', 20, 0, 15, 2.5, 750, '2018-02-17', 3, 1, 0, 0, 0, 0, 0, 0, 0, 0, 0, 0, '2018-03-04 14:23:15', '2018-03-04 14:23:15'),
(500, 10, 1, '24795', 20, 0, 15, 2.5, 750, '2018-02-17', 3, 1, 0, 0, 0, 0, 0, 0, 0, 0, 0, 0, '2018-03-04 14:23:25', '2018-03-04 14:23:25'),
(501, 10, 1, '24857', 20, 0, 15, 2.5, 750, '2018-02-17', 3, 1, 0, 0, 0, 0, 0, 0, 0, 0, 0, 0, '2018-03-04 14:23:34', '2018-03-04 14:23:34'),
(502, 10, 1, '24853', 20, 0, 15, 2.5, 750, '2018-02-17', 3, 1, 0, 0, 0, 0, 0, 0, 0, 0, 0, 0, '2018-03-04 14:23:45', '2018-03-04 14:23:45'),
(503, 10, 1, '24870', 20, 0, 15, 2.5, 750, '2018-02-17', 3, 1, 0, 0, 0, 0, 0, 0, 0, 0, 0, 0, '2018-03-04 14:23:59', '2018-03-04 14:23:59'),
(504, 10, 1, '24865', 20, 0, 15, 2.5, 750, '2018-02-17', 3, 1, 0, 0, 0, 0, 0, 0, 0, 0, 0, 0, '2018-03-04 14:24:08', '2018-03-04 14:24:08'),
(505, 10, 1, '24861', 20, 0, 15, 2.5, 750, '2018-02-17', 3, 1, 0, 0, 0, 0, 0, 0, 0, 0, 0, 0, '2018-03-04 14:24:16', '2018-03-04 14:24:16'),
(506, 10, 1, '24876', 20, 0, 15, 2.5, 750, '2018-02-17', 3, 1, 0, 0, 0, 0, 0, 0, 0, 0, 0, 0, '2018-03-04 14:24:25', '2018-03-04 14:24:25'),
(507, 10, 1, '24836', 20, 0, 15, 2.5, 750, '2018-02-19', 3, 1, 0, 0, 0, 0, 0, 0, 0, 0, 0, 0, '2018-03-04 14:24:42', '2018-03-04 14:24:42'),
(508, 10, 1, '24829', 20, 0, 15, 2.5, 750, '2018-02-19', 3, 1, 0, 0, 0, 0, 0, 0, 0, 0, 0, 0, '2018-03-04 14:24:51', '2018-03-04 14:24:51'),
(509, 10, 1, '24841', 20, 0, 15, 2.5, 750, '2018-02-19', 3, 1, 0, 0, 0, 0, 0, 0, 0, 0, 0, 0, '2018-03-04 14:25:00', '2018-03-04 14:25:00'),
(510, 10, 1, '24845', 20, 0, 15, 2.5, 750, '2018-02-19', 3, 1, 0, 0, 0, 0, 0, 0, 0, 0, 0, 0, '2018-03-04 14:25:14', '2018-03-04 14:25:14'),
(511, 10, 1, '24832', 20, 0, 15, 2.5, 750, '2018-02-19', 3, 1, 0, 0, 0, 0, 0, 0, 0, 0, 0, 0, '2018-03-04 14:25:26', '2018-03-04 14:25:26'),
(512, 10, 1, '24850', 20, 0, 15, 2.5, 750, '2018-02-19', 3, 1, 0, 0, 0, 0, 0, 0, 0, 0, 0, 0, '2018-03-04 14:25:33', '2018-03-04 14:25:33'),
(513, 10, 1, '24904', 20, 0, 15, 2.5, 750, '2018-02-19', 3, 1, 0, 0, 0, 0, 0, 0, 0, 0, 0, 0, '2018-03-04 14:25:41', '2018-03-04 14:25:41'),
(514, 10, 1, '24914', 20, 0, 15, 2.5, 750, '2018-02-19', 3, 1, 0, 0, 0, 0, 0, 0, 0, 0, 0, 0, '2018-03-04 14:25:48', '2018-03-04 14:25:48'),
(515, 10, 1, '24910', 20, 0, 15, 2.5, 750, '2018-02-19', 3, 1, 0, 0, 0, 0, 0, 0, 0, 0, 0, 0, '2018-03-04 14:25:58', '2018-03-04 14:25:58'),
(516, 10, 1, '24918', 20, 0, 15, 2.5, 750, '2018-02-20', 3, 1, 0, 0, 0, 0, 0, 0, 0, 0, 0, 0, '2018-03-04 14:26:18', '2018-03-04 14:26:18'),
(517, 10, 1, '24928', 20, 0, 15, 2.5, 750, '2018-02-20', 3, 1, 0, 0, 0, 0, 0, 0, 0, 0, 0, 0, '2018-03-04 14:26:27', '2018-03-04 14:26:27'),
(518, 10, 1, '24921', 20, 0, 15, 2.5, 750, '2018-02-20', 3, 1, 0, 0, 0, 0, 0, 0, 0, 0, 0, 0, '2018-03-04 14:26:34', '2018-03-04 14:26:34'),
(519, 10, 1, '24939', 20, 0, 15, 2.5, 750, '2018-02-20', 3, 1, 0, 0, 0, 0, 0, 0, 0, 0, 0, 0, '2018-03-04 14:26:40', '2018-03-04 14:26:40'),
(520, 10, 1, '24932', 20, 0, 15, 2.5, 750, '2018-02-20', 3, 1, 0, 0, 0, 0, 0, 0, 0, 0, 0, 0, '2018-03-04 14:26:47', '2018-03-04 14:26:47'),
(521, 11, 1, '24651', 20, 0, 15, 2.5, 750, '2018-02-05', 3, 1, 0, 0, 0, 0, 0, 0, 0, 0, 0, 0, '2018-06-05 05:53:34', '2018-06-05 05:53:34'),
(522, 11, 1, '24684', 20, 0, 15, 2.5, 750, '2018-02-05', 3, 1, 0, 0, 0, 0, 0, 0, 0, 0, 0, 0, '2018-06-05 05:53:47', '2018-06-05 05:53:47'),
(523, 11, 1, '24673', 20, 0, 15, 2.5, 750, '2018-02-05', 3, 1, 0, 0, 0, 0, 0, 0, 0, 0, 0, 0, '2018-06-05 05:53:58', '2018-06-05 05:53:58'),
(524, 11, 1, '25048', 20, 0, 15, 2.5, 750, '2018-02-05', 3, 1, 0, 0, 0, 0, 0, 0, 0, 0, 0, 0, '2018-06-05 05:54:08', '2018-06-05 05:54:08'),
(525, 11, 1, '24671', 20, 0, 15, 2.5, 750, '2018-02-05', 3, 1, 0, 0, 0, 0, 0, 0, 0, 0, 0, 0, '2018-06-05 05:54:22', '2018-06-05 05:54:22'),
(526, 11, 1, '25035', 20, 0, 15, 2.5, 750, '2018-02-05', 3, 1, 0, 0, 0, 0, 0, 0, 0, 0, 0, 0, '2018-06-05 05:54:30', '2018-06-05 05:54:30'),
(527, 11, 1, '25042', 20, 0, 15, 2.5, 750, '2018-02-05', 3, 1, 0, 0, 0, 0, 0, 0, 0, 0, 0, 0, '2018-06-05 05:54:39', '2018-06-05 05:54:39'),
(528, 11, 1, '24666', 20, 0, 15, 2.5, 750, '2018-02-05', 3, 1, 0, 0, 0, 0, 0, 0, 0, 0, 0, 0, '2018-06-05 05:54:49', '2018-06-05 05:54:49'),
(529, 11, 1, '24662', 20, 0, 15, 2.5, 750, '2018-02-05', 3, 1, 0, 0, 0, 0, 0, 0, 0, 0, 0, 0, '2018-06-05 05:54:58', '2018-06-05 05:54:58'),
(530, 11, 1, '24750', 20, 0, 15, 2.5, 750, '2018-02-05', 3, 1, 0, 0, 0, 0, 0, 0, 0, 0, 0, 0, '2018-06-05 05:55:28', '2018-06-05 05:55:28'),
(531, 11, 1, '24694', 20, 0, 15, 2.5, 750, '2018-02-08', 3, 1, 0, 0, 0, 0, 0, 0, 0, 0, 0, 0, '2018-06-05 09:15:45', '2018-06-05 09:15:45'),
(532, 11, 1, '24698', 20, 0, 15, 2.5, 750, '2018-02-08', 3, 1, 0, 0, 0, 0, 0, 0, 0, 0, 0, 0, '2018-06-05 09:15:54', '2018-06-05 09:15:54'),
(533, 11, 1, '24704', 20, 0, 15, 2.5, 750, '2018-02-08', 3, 1, 0, 0, 0, 0, 0, 0, 0, 0, 0, 0, '2018-06-05 09:16:03', '2018-06-05 09:16:03'),
(534, 11, 1, '24689', 20, 0, 15, 2.5, 750, '2018-02-08', 3, 1, 0, 0, 0, 0, 0, 0, 0, 0, 0, 0, '2018-06-05 09:16:13', '2018-06-05 09:16:13'),
(535, 11, 1, '24716', 20, 0, 15, 2.5, 750, '2018-02-09', 3, 1, 0, 0, 0, 0, 0, 0, 0, 0, 0, 0, '2018-06-05 09:16:29', '2018-06-05 09:16:29'),
(536, 11, 1, '24712', 20, 0, 15, 2.5, 750, '2018-02-09', 3, 1, 0, 0, 0, 0, 0, 0, 0, 0, 0, 0, '2018-06-05 09:16:38', '2018-06-05 09:16:38'),
(537, 11, 1, '24719', 20, 0, 15, 2.5, 750, '2018-02-09', 3, 1, 0, 0, 0, 0, 0, 0, 0, 0, 0, 0, '2018-06-05 09:16:51', '2018-06-05 09:16:51'),
(538, 11, 1, '24708', 20, 0, 15, 2.5, 750, '2018-02-09', 3, 1, 0, 0, 0, 0, 0, 0, 0, 0, 0, 0, '2018-06-05 09:17:01', '2018-06-05 09:17:01'),
(539, 11, 1, '24731', 20, 0, 15, 2.5, 750, '2018-02-09', 3, 1, 0, 0, 0, 0, 0, 0, 0, 0, 0, 0, '2018-06-05 09:17:08', '2018-06-05 09:17:08'),
(540, 11, 1, '24723', 20, 0, 15, 2.5, 750, '2018-02-09', 3, 1, 0, 0, 0, 0, 0, 0, 0, 0, 0, 0, '2018-06-05 09:17:38', '2018-06-05 09:17:38'),
(541, 11, 1, '24727', 20, 0, 15, 2.5, 750, '2018-02-09', 3, 1, 0, 0, 0, 0, 0, 0, 0, 0, 0, 0, '2018-06-05 09:17:47', '2018-06-05 09:17:47'),
(542, 11, 1, '24741', 20, 0, 15, 2.5, 750, '2018-02-09', 3, 1, 0, 0, 0, 0, 0, 0, 0, 0, 0, 0, '2018-06-05 09:17:54', '2018-06-05 09:17:54'),
(543, 11, 1, '24736', 20, 0, 15, 2.5, 750, '2018-02-09', 3, 1, 0, 0, 0, 0, 0, 0, 0, 0, 0, 0, '2018-06-05 09:18:01', '2018-06-05 09:18:01'),
(544, 11, 1, '24888', 20, 0, 15, 2.5, 750, '2018-02-17', 3, 1, 0, 0, 0, 0, 0, 0, 0, 0, 0, 0, '2018-06-05 10:01:55', '2018-06-05 10:01:55'),
(545, 11, 1, '24884', 20, 0, 15, 2.5, 750, '2018-02-17', 3, 1, 0, 0, 0, 0, 0, 0, 0, 0, 0, 0, '2018-06-05 10:02:04', '2018-06-05 10:02:04'),
(546, 11, 1, '24880', 20, 0, 15, 2.5, 750, '2018-02-17', 3, 1, 0, 0, 0, 0, 0, 0, 0, 0, 0, 0, '2018-06-05 10:02:12', '2018-06-05 10:02:12'),
(547, 11, 1, '24872', 20, 0, 15, 2.5, 750, '2018-02-17', 3, 1, 0, 0, 0, 0, 0, 0, 0, 0, 0, 0, '2018-06-05 10:02:35', '2018-06-05 10:02:35'),
(548, 11, 1, '24798', 20, 0, 15, 2.5, 750, '2018-02-17', 3, 1, 0, 0, 0, 0, 0, 0, 0, 0, 0, 0, '2018-06-05 10:03:18', '2018-06-05 10:03:18'),
(549, 11, 1, '24795', 20, 0, 15, 2.5, 750, '2018-02-17', 3, 1, 0, 0, 0, 0, 0, 0, 0, 0, 0, 0, '2018-06-05 10:03:27', '2018-06-05 10:03:27'),
(550, 11, 1, '24857', 20, 0, 15, 2.5, 750, '2018-02-17', 3, 1, 0, 0, 0, 0, 0, 0, 0, 0, 0, 0, '2018-06-05 10:03:41', '2018-06-05 10:03:41'),
(551, 11, 1, '24857', 20, 0, 15, 2.5, 750, '2018-02-17', 3, 1, 0, 0, 0, 0, 0, 0, 0, 0, 0, 0, '2018-06-05 10:06:40', '2018-06-05 10:06:40'),
(552, 11, 1, '24853', 20, 0, 15, 2.5, 750, '2018-02-17', 3, 1, 0, 0, 0, 0, 0, 0, 0, 0, 0, 0, '2018-06-05 10:06:48', '2018-06-05 10:06:48'),
(553, 11, 1, '24870', 20, 0, 15, 2.5, 750, '2018-02-17', 3, 1, 0, 0, 0, 0, 0, 0, 0, 0, 0, 0, '2018-06-05 10:06:57', '2018-06-05 10:06:57'),
(554, 11, 1, '24865', 20, 0, 15, 2.5, 750, '2018-02-17', 3, 1, 0, 0, 0, 0, 0, 0, 0, 0, 0, 0, '2018-06-05 10:07:05', '2018-06-05 10:07:05'),
(555, 11, 1, '24861', 20, 0, 15, 2.5, 750, '2018-02-17', 3, 1, 0, 0, 0, 0, 0, 0, 0, 0, 0, 0, '2018-06-05 10:07:13', '2018-06-05 10:07:13'),
(556, 11, 1, '24876', 20, 0, 15, 2.5, 750, '2018-02-17', 3, 1, 0, 0, 0, 0, 0, 0, 0, 0, 0, 0, '2018-06-05 10:07:21', '2018-06-05 10:07:21'),
(557, 11, 1, '24836', 20, 0, 15, 2.5, 750, '2018-02-19', 3, 1, 0, 0, 0, 0, 0, 0, 0, 0, 0, 0, '2018-06-05 10:08:42', '2018-06-05 10:08:42'),
(558, 11, 1, '24829', 20, 0, 15, 2.5, 750, '2018-02-19', 3, 1, 0, 0, 0, 0, 0, 0, 0, 0, 0, 0, '2018-06-05 10:08:54', '2018-06-05 10:08:54'),
(559, 11, 1, '24841', 20, 0, 15, 2.5, 750, '2018-02-19', 3, 1, 0, 0, 0, 0, 0, 0, 0, 0, 0, 0, '2018-06-05 10:09:06', '2018-06-05 10:09:06'),
(560, 11, 1, '24845', 20, 0, 15, 2.5, 750, '2018-02-19', 3, 1, 0, 0, 0, 0, 0, 0, 0, 0, 0, 0, '2018-06-05 10:09:15', '2018-06-05 10:09:15'),
(561, 11, 1, '24832', 20, 0, 15, 2.5, 750, '2018-02-19', 3, 1, 0, 0, 0, 0, 0, 0, 0, 0, 0, 0, '2018-06-05 10:09:25', '2018-06-05 10:09:25'),
(562, 11, 1, '24850', 20, 0, 15, 2.5, 750, '2018-02-19', 3, 1, 0, 0, 0, 0, 0, 0, 0, 0, 0, 0, '2018-06-05 10:09:38', '2018-06-05 10:09:38'),
(563, 11, 1, '24904', 20, 0, 15, 2.5, 750, '2018-02-19', 3, 1, 0, 0, 0, 0, 0, 0, 0, 0, 0, 0, '2018-06-05 10:09:50', '2018-06-05 10:09:50'),
(564, 11, 1, '24914', 20, 0, 15, 2.5, 750, '2018-02-19', 3, 1, 0, 0, 0, 0, 0, 0, 0, 0, 0, 0, '2018-06-05 10:09:58', '2018-06-05 10:09:58'),
(565, 11, 1, '24910', 20, 0, 15, 2.5, 750, '2018-02-19', 3, 1, 0, 0, 0, 0, 0, 0, 0, 0, 0, 0, '2018-06-05 10:10:09', '2018-06-05 10:10:09'),
(566, 11, 1, '24918', 20, 0, 15, 2.5, 750, '2018-02-20', 3, 1, 0, 0, 0, 0, 0, 0, 0, 0, 0, 0, '2018-06-05 10:10:18', '2018-06-05 10:17:54'),
(567, 11, 1, '24928', 20, 0, 15, 2.5, 750, '2018-02-20', 3, 1, 0, 0, 0, 0, 0, 0, 0, 0, 0, 0, '2018-06-05 10:10:26', '2018-06-05 10:17:24'),
(568, 11, 1, '24921', 20, 0, 15, 2.5, 750, '2018-02-20', 3, 1, 0, 0, 0, 0, 0, 0, 0, 0, 0, 0, '2018-06-05 10:10:34', '2018-06-05 10:17:44'),
(569, 11, 1, '24939', 20, 0, 15, 2.5, 750, '2018-02-20', 3, 1, 0, 0, 0, 0, 0, 0, 0, 0, 0, 0, '2018-06-05 10:10:44', '2018-06-05 10:15:54'),
(570, 11, 1, '24932', 20, 0, 15, 2.5, 750, '2018-02-20', 3, 1, 0, 0, 0, 0, 0, 0, 0, 0, 0, 0, '2018-06-05 10:10:54', '2018-06-05 10:17:03'),
(571, 15, 1, '25302', 20, 0, 15, 2.5, 750, '2018-03-01', 3, 1, 0, 0, 0, 0, 0, 0, 0, 0, 0, 0, '2018-06-05 10:39:06', '2018-06-05 10:39:06'),
(572, 15, 1, '25245', 20, 0, 15, 2.5, 750, '2018-03-01', 3, 1, 0, 0, 0, 0, 0, 0, 0, 0, 0, 0, '2018-06-05 10:39:28', '2018-06-05 10:39:28'),
(573, 15, 1, '25311', 20, 0, 15, 2.5, 750, '2018-03-01', 3, 1, 0, 0, 0, 0, 0, 0, 0, 0, 0, 0, '2018-06-05 10:39:40', '2018-06-05 10:39:40'),
(574, 15, 1, '25249', 20, 0, 15, 2.5, 750, '2018-03-01', 3, 1, 0, 0, 0, 0, 0, 0, 0, 0, 0, 0, '2018-06-05 10:39:51', '2018-06-05 10:39:51'),
(575, 15, 1, '25308', 20, 0, 15, 2.5, 750, '2018-03-01', 3, 1, 0, 0, 0, 0, 0, 0, 0, 0, 0, 0, '2018-06-05 10:40:00', '2018-06-05 10:40:00'),
(576, 15, 1, '25319', 20, 0, 15, 2.5, 750, '2018-03-01', 3, 1, 0, 0, 0, 0, 0, 0, 0, 0, 0, 0, '2018-06-05 10:40:17', '2018-06-05 10:40:17'),
(577, 15, 1, '25323', 20, 0, 15, 2.5, 750, '2018-03-01', 3, 1, 0, 0, 0, 0, 0, 0, 0, 0, 0, 0, '2018-06-05 10:40:33', '2018-06-05 10:40:33'),
(578, 15, 1, '25238', 20, 0, 15, 2.5, 750, '2018-03-01', 3, 1, 0, 0, 0, 0, 0, 0, 0, 0, 0, 0, '2018-06-05 10:40:44', '2018-06-05 10:40:44'),
(579, 15, 1, '25349', 20, 0, 15, 2.5, 750, '2018-03-05', 3, 1, 0, 0, 0, 0, 0, 0, 0, 0, 0, 0, '2018-06-05 10:41:20', '2018-06-05 10:41:20'),
(580, 15, 1, '25257', 20, 0, 15, 2.5, 750, '2018-03-05', 3, 1, 0, 0, 0, 0, 0, 0, 0, 0, 0, 0, '2018-06-05 10:41:29', '2018-06-05 10:41:29'),
(581, 15, 1, '25253', 20, 0, 15, 2.5, 750, '2018-03-05', 3, 1, 0, 0, 0, 0, 0, 0, 0, 0, 0, 0, '2018-06-05 10:41:39', '2018-06-05 10:41:39'),
(582, 15, 1, '25346', 20, 0, 15, 2.5, 750, '2018-03-05', 3, 1, 0, 0, 0, 0, 0, 0, 0, 0, 0, 0, '2018-06-05 10:41:49', '2018-06-05 10:41:49'),
(583, 15, 1, '25261', 20, 0, 15, 2.5, 750, '2018-03-05', 3, 1, 0, 0, 0, 0, 0, 0, 0, 0, 0, 0, '2018-06-05 10:42:01', '2018-06-05 10:42:01'),
(584, 15, 1, '25265', 20, 0, 15, 2.5, 750, '2018-03-05', 3, 1, 0, 0, 0, 0, 0, 0, 0, 0, 0, 0, '2018-06-05 10:42:09', '2018-06-05 10:42:09'),
(587, 13, 1, '25636', 20, 0, 14, 2.5, 700, '2018-04-03', 1, 1, 0, 0, 0, 0, 0, 0, 0, 0, 0, 0, '2018-06-06 12:16:06', '2018-06-06 12:16:06'),
(588, 13, 1, '25638', 20, 0, 14, 2.5, 700, '2018-04-03', 1, 1, 0, 0, 0, 0, 0, 0, 0, 0, 0, 0, '2018-06-06 12:16:28', '2018-06-06 12:16:28'),
(589, 13, 1, '25644', 20, 0, 14, 2.5, 700, '2018-04-03', 1, 1, 0, 0, 0, 0, 0, 0, 0, 0, 0, 0, '2018-06-06 12:18:34', '2018-06-06 12:18:34'),
(590, 13, 1, '25632', 20, 0, 14, 2.5, 700, '2018-04-03', 1, 1, 0, 0, 0, 0, 0, 0, 0, 0, 0, 0, '2018-06-06 12:19:50', '2018-06-06 12:19:50'),
(591, 13, 1, '25640', 20, 0, 15, 2.5, 750, '2018-04-03', 3, 1, 0, 0, 0, 0, 0, 0, 0, 0, 0, 0, '2018-06-06 12:21:44', '2018-06-06 12:21:44'),
(592, 13, 1, '25643', 20, 0, 15, 2.5, 750, '2018-04-03', 3, 1, 0, 0, 0, 0, 0, 0, 0, 0, 0, 0, '2018-06-06 12:22:09', '2018-06-06 12:22:09'),
(593, 13, 1, '25635', 20, 0, 15, 2.5, 750, '2018-04-03', 3, 1, 0, 0, 0, 0, 0, 0, 0, 0, 0, 0, '2018-06-06 12:22:25', '2018-06-06 12:22:25'),
(594, 13, 1, '25666', 20, 0, 15, 2.5, 750, '2018-04-04', 3, 1, 0, 0, 0, 0, 0, 0, 0, 0, 0, 0, '2018-06-06 12:23:09', '2018-06-06 12:23:09'),
(595, 13, 1, '25663', 20, 0, 15, 2.5, 750, '2018-04-04', 3, 1, 0, 0, 0, 0, 0, 0, 0, 0, 0, 0, '2018-06-06 12:23:22', '2018-06-06 12:23:22'),
(596, 13, 1, '25659', 20, 0, 15, 2.5, 750, '2018-04-04', 3, 1, 0, 0, 0, 0, 0, 0, 0, 0, 0, 0, '2018-06-06 12:23:48', '2018-06-06 12:23:48'),
(597, 13, 1, '25656', 20, 0, 15, 2.5, 750, '2018-04-04', 3, 1, 0, 0, 0, 0, 0, 0, 0, 0, 0, 0, '2018-06-06 12:24:43', '2018-06-06 12:24:43'),
(598, 13, 1, '25653', 20, 0, 15, 2.5, 750, '2018-04-04', 3, 1, 0, 0, 0, 0, 0, 0, 0, 0, 0, 0, '2018-06-06 12:24:58', '2018-06-06 12:24:58'),
(599, 13, 1, '25683', 20, 0, 15, 2.5, 750, '2018-04-06', 3, 1, 0, 0, 0, 0, 0, 0, 0, 0, 0, 0, '2018-06-07 09:30:39', '2018-06-07 09:30:39'),
(600, 13, 1, '25687', 20, 0, 15, 2.5, 750, '2018-04-06', 3, 1, 0, 0, 0, 0, 0, 0, 0, 0, 0, 0, '2018-06-07 09:33:05', '2018-06-07 09:33:05'),
(601, 13, 1, '25689', 20, 0, 15, 2.5, 750, '2018-04-06', 3, 1, 0, 0, 0, 0, 0, 0, 0, 0, 0, 0, '2018-06-07 09:33:16', '2018-06-07 09:33:16'),
(602, 13, 1, '25673', 20, 0, 15, 2.5, 750, '2018-04-06', 3, 1, 0, 0, 0, 0, 0, 0, 0, 0, 0, 0, '2018-06-07 09:33:30', '2018-06-07 09:33:30'),
(603, 13, 1, '25670', 20, 0, 15, 2.5, 750, '2018-04-06', 3, 1, 0, 0, 0, 0, 0, 0, 0, 0, 0, 0, '2018-06-07 09:33:40', '2018-06-07 09:33:40'),
(604, 13, 1, '25680', 20, 0, 15, 2.5, 750, '2018-04-06', 3, 1, 0, 0, 0, 0, 0, 0, 0, 0, 0, 0, '2018-06-07 09:33:48', '2018-06-07 09:33:48'),
(605, 13, 1, '25677', 20, 0, 15, 2.5, 750, '2018-04-06', 3, 1, 0, 0, 0, 0, 0, 0, 0, 0, 0, 0, '2018-06-07 09:33:55', '2018-06-07 09:33:55'),
(606, 13, 1, '25676', 20, 0, 15, 2.5, 750, '2018-04-06', 3, 1, 0, 0, 0, 0, 0, 0, 0, 0, 0, 0, '2018-06-07 09:34:33', '2018-06-07 09:34:33'),
(607, 13, 1, '25695', 20, 0, 15, 2.5, 750, '2018-04-06', 3, 1, 0, 0, 0, 0, 0, 0, 0, 0, 0, 0, '2018-06-07 09:34:42', '2018-06-07 09:34:42'),
(608, 13, 1, '25692', 20, 0, 15, 2.5, 750, '2018-04-06', 3, 1, 0, 0, 0, 0, 0, 0, 0, 0, 0, 0, '2018-06-07 09:34:51', '2018-06-07 09:34:51'),
(609, 13, 1, '25810', 20, 0, 15, 2.5, 750, '2018-04-07', 3, 1, 0, 0, 0, 0, 0, 0, 0, 0, 0, 0, '2018-06-07 09:35:20', '2018-06-07 09:35:20'),
(610, 13, 1, '25812', 20, 0, 15, 2.5, 750, '2018-04-07', 3, 1, 0, 0, 0, 0, 0, 0, 0, 0, 0, 0, '2018-06-07 09:35:28', '2018-06-07 09:35:28'),
(611, 13, 1, '25815', 20, 0, 15, 2.5, 750, '2018-04-07', 3, 1, 0, 0, 0, 0, 0, 0, 0, 0, 0, 0, '2018-06-07 09:35:37', '2018-06-07 09:35:37'),
(612, 13, 1, '25818', 20, 0, 15, 2.5, 750, '2018-04-07', 3, 1, 0, 0, 0, 0, 0, 0, 0, 0, 0, 0, '2018-06-07 09:35:46', '2018-06-07 09:35:46'),
(613, 13, 1, '25824', 20, 0, 15, 2.5, 750, '2018-04-09', 3, 1, 0, 0, 0, 0, 0, 0, 0, 0, 0, 0, '2018-06-07 09:35:59', '2018-06-07 09:35:59'),
(614, 13, 1, '25828', 20, 0, 15, 2.5, 750, '2018-04-09', 3, 1, 0, 0, 0, 0, 0, 0, 0, 0, 0, 0, '2018-06-07 09:36:09', '2018-06-07 09:36:09'),
(615, 13, 1, '25844', 20, 0, 15, 2.5, 750, '2018-04-09', 3, 1, 0, 0, 0, 0, 0, 0, 0, 0, 0, 0, '2018-06-07 09:36:23', '2018-06-07 09:36:23'),
(616, 13, 1, '25830', 20, 0, 15, 2.5, 750, '2018-04-09', 3, 1, 0, 0, 0, 0, 0, 0, 0, 0, 0, 0, '2018-06-07 09:36:30', '2018-06-07 09:36:30'),
(617, 13, 1, '25841', 20, 0, 15, 2.5, 750, '2018-04-09', 3, 1, 0, 0, 0, 0, 0, 0, 0, 0, 0, 0, '2018-06-07 09:36:44', '2018-06-07 09:36:44'),
(618, 13, 1, '25835', 20, 0, 15, 2.5, 750, '2018-04-09', 3, 1, 0, 0, 0, 0, 0, 0, 0, 0, 0, 0, '2018-06-07 09:36:50', '2018-06-07 09:36:50'),
(619, 13, 1, '25838', 20, 0, 15, 2.5, 750, '2018-04-09', 3, 1, 0, 0, 0, 0, 0, 0, 0, 0, 0, 0, '2018-06-07 09:36:58', '2018-06-07 09:36:58'),
(620, 13, 1, '25832', 20, 0, 15, 2.5, 750, '2018-04-09', 3, 1, 0, 0, 0, 0, 0, 0, 0, 0, 0, 0, '2018-06-07 09:37:06', '2018-06-07 09:37:06'),
(621, 13, 1, '25849', 20, 0, 15, 2.5, 750, '2018-04-10', 3, 1, 0, 0, 0, 0, 0, 0, 0, 0, 0, 0, '2018-06-07 09:44:23', '2018-06-07 09:44:23'),
(622, 13, 1, '25754', 20, 0, 15, 2.5, 750, '2018-04-10', 3, 1, 0, 0, 0, 0, 0, 0, 0, 0, 0, 0, '2018-06-07 09:44:32', '2018-06-07 09:44:32'),
(623, 13, 1, '25752', 20, 0, 15, 2.5, 750, '2018-04-10', 3, 1, 0, 0, 0, 0, 0, 0, 0, 0, 0, 0, '2018-06-07 09:44:41', '2018-06-07 09:44:41'),
(624, 13, 1, '25759', 20, 0, 15, 2.5, 750, '2018-04-10', 3, 1, 0, 0, 0, 0, 0, 0, 0, 0, 0, 0, '2018-06-07 09:44:51', '2018-06-07 09:44:51'),
(625, 13, 1, '25767', 20, 0, 15, 2.5, 750, '2018-04-10', 3, 1, 0, 0, 0, 0, 0, 0, 0, 0, 0, 0, '2018-06-07 09:44:59', '2018-06-07 09:44:59'),
(626, 13, 1, '25763', 20, 0, 15, 2.5, 750, '2018-04-10', 3, 1, 0, 0, 0, 0, 0, 0, 0, 0, 0, 0, '2018-06-07 09:45:13', '2018-06-07 09:45:13'),
(627, 13, 1, '25771', 20, 0, 15, 2.5, 750, '2018-04-10', 3, 1, 0, 0, 0, 0, 0, 0, 0, 0, 0, 0, '2018-06-07 09:45:27', '2018-06-07 09:45:27'),
(628, 13, 1, '26166', 20, 0, 15, 2.5, 750, '2018-04-11', 3, 1, 0, 0, 0, 0, 0, 0, 0, 0, 0, 0, '2018-06-07 09:46:05', '2018-06-07 09:46:05'),
(629, 13, 1, '26163', 20, 0, 15, 2.5, 750, '2018-04-11', 3, 1, 0, 0, 0, 0, 0, 0, 0, 0, 0, 0, '2018-06-07 09:46:17', '2018-06-07 09:46:17'),
(630, 13, 1, '26155', 20, 0, 15, 2.5, 750, '2018-04-11', 3, 1, 0, 0, 0, 0, 0, 0, 0, 0, 0, 0, '2018-06-07 09:46:27', '2018-06-07 09:46:27'),
(631, 13, 1, '25798', 20, 0, 15, 2.5, 750, '2018-04-11', 3, 1, 0, 0, 0, 0, 0, 0, 0, 0, 0, 0, '2018-06-07 09:46:35', '2018-06-07 09:46:35'),
(632, 13, 1, '26170', 20, 0, 15, 2.5, 750, '2018-04-11', 3, 1, 0, 0, 0, 0, 0, 0, 0, 0, 0, 0, '2018-06-07 09:46:45', '2018-06-07 09:46:45'),
(633, 13, 1, '26168', 20, 0, 15, 2.5, 750, '2018-04-11', 3, 1, 0, 0, 0, 0, 0, 0, 0, 0, 0, 0, '2018-06-07 09:46:52', '2018-06-07 09:46:52'),
(634, 13, 1, '26153', 20, 0, 15, 2.5, 750, '2018-04-11', 3, 1, 0, 0, 0, 0, 0, 0, 0, 0, 0, 0, '2018-06-07 09:47:02', '2018-06-07 09:47:02'),
(635, 13, 1, '26151', 20, 0, 15, 2.5, 750, '2018-04-11', 3, 1, 0, 0, 0, 0, 0, 0, 0, 0, 0, 0, '2018-06-07 09:47:11', '2018-06-07 09:47:11'),
(636, 13, 1, '26159', 20, 0, 15, 2.5, 750, '2018-04-11', 3, 1, 0, 0, 0, 0, 0, 0, 0, 0, 0, 0, '2018-06-07 09:47:18', '2018-06-07 09:47:18'),
(637, 13, 1, '26162', 20, 0, 15, 2.5, 750, '2018-04-11', 3, 1, 0, 0, 0, 0, 0, 0, 0, 0, 0, 0, '2018-06-07 09:47:27', '2018-06-07 09:47:27'),
(638, 13, 1, '26179', 20, 0, 15, 2.5, 750, '2018-04-12', 3, 1, 0, 0, 0, 0, 0, 0, 0, 0, 0, 0, '2018-06-07 09:47:51', '2018-06-07 09:47:51'),
(639, 13, 1, '26177', 20, 0, 15, 2.5, 750, '2018-04-12', 3, 1, 0, 0, 0, 0, 0, 0, 0, 0, 0, 0, '2018-06-07 09:47:59', '2018-06-07 09:47:59'),
(640, 13, 1, '26183', 20, 0, 15, 2.5, 750, '2018-04-12', 3, 1, 0, 0, 0, 0, 0, 0, 0, 0, 0, 0, '2018-06-07 09:48:07', '2018-06-07 09:48:07'),
(641, 13, 1, '26173', 20, 0, 15, 2.5, 750, '2018-04-12', 3, 1, 0, 0, 0, 0, 0, 0, 0, 0, 0, 0, '2018-06-07 09:48:15', '2018-06-07 09:48:15'),
(642, 13, 1, '26191', 20, 0, 15, 2.5, 750, '2018-04-13', 3, 1, 0, 0, 0, 0, 0, 0, 0, 0, 0, 0, '2018-06-07 09:48:30', '2018-06-07 09:48:30'),
(643, 13, 1, '26195', 20, 0, 15, 2.5, 750, '2018-04-13', 3, 1, 0, 0, 0, 0, 0, 0, 0, 0, 0, 0, '2018-06-07 09:48:42', '2018-06-07 09:48:42'),
(644, 13, 1, '26103', 20, 0, 15, 2.5, 750, '2018-04-13', 3, 1, 0, 0, 0, 0, 0, 0, 0, 0, 0, 0, '2018-06-07 09:48:50', '2018-06-07 09:48:50'),
(645, 13, 1, '26187', 20, 0, 15, 2.5, 750, '2018-04-13', 3, 1, 0, 0, 0, 0, 0, 0, 0, 0, 0, 0, '2018-06-07 09:49:02', '2018-06-07 09:49:02'),
(646, 13, 1, '26116', 20, 0, 15, 2.5, 750, '2018-04-13', 3, 1, 0, 0, 0, 0, 0, 0, 0, 0, 0, 0, '2018-06-07 09:49:14', '2018-06-07 09:49:14'),
(647, 13, 1, '26111', 20, 0, 15, 2.5, 750, '2018-04-13', 3, 1, 0, 0, 0, 0, 0, 0, 0, 0, 0, 0, '2018-06-07 09:49:22', '2018-06-07 09:49:22'),
(648, 13, 1, '26199', 20, 0, 15, 2.5, 750, '2018-04-13', 3, 1, 0, 0, 0, 0, 0, 0, 0, 0, 0, 0, '2018-06-07 09:49:31', '2018-06-07 09:49:31'),
(649, 13, 1, '26122', 20, 0, 15, 2.5, 750, '2018-04-14', 3, 1, 0, 0, 0, 0, 0, 0, 0, 0, 0, 0, '2018-06-07 09:49:50', '2018-06-07 09:49:50'),
(650, 13, 1, '26135', 20, 0, 15, 2.5, 750, '2018-04-14', 3, 1, 0, 0, 0, 0, 0, 0, 0, 0, 0, 0, '2018-06-07 09:49:59', '2018-06-07 09:49:59'),
(651, 13, 1, '26139', 20, 0, 15, 2.5, 750, '2018-04-14', 3, 1, 0, 0, 0, 0, 0, 0, 0, 0, 0, 0, '2018-06-07 09:50:08', '2018-06-07 09:50:08'),
(652, 13, 1, '26131', 20, 0, 15, 2.5, 750, '2018-04-14', 3, 1, 0, 0, 0, 0, 0, 0, 0, 0, 0, 0, '2018-06-07 09:50:17', '2018-06-07 09:50:17'),
(653, 13, 1, '26291', 20, 0, 15, 2.5, 750, '2018-04-16', 3, 1, 0, 0, 0, 0, 0, 0, 0, 0, 0, 0, '2018-06-07 09:50:36', '2018-06-07 09:50:36'),
(654, 13, 1, '26282', 20, 0, 15, 2.5, 750, '2018-04-16', 3, 1, 0, 0, 0, 0, 0, 0, 0, 0, 0, 0, '2018-06-07 09:50:45', '2018-06-07 09:50:45'),
(655, 13, 1, '26278', 20, 0, 15, 2.5, 750, '2018-04-16', 3, 1, 0, 0, 0, 0, 0, 0, 0, 0, 0, 0, '2018-06-07 09:50:55', '2018-06-07 09:50:55'),
(656, 13, 1, '26294', 20, 0, 15, 2.5, 750, '2018-04-16', 3, 1, 0, 0, 0, 0, 0, 0, 0, 0, 0, 0, '2018-06-07 09:51:04', '2018-06-07 09:51:04'),
(657, 13, 1, '26284', 20, 0, 15, 2.5, 750, '2018-04-16', 3, 1, 0, 0, 0, 0, 0, 0, 0, 0, 0, 0, '2018-06-07 09:51:17', '2018-06-07 09:51:17'),
(658, 13, 1, '26298', 20, 0, 15, 2.5, 750, '2018-04-16', 3, 1, 0, 0, 0, 0, 0, 0, 0, 0, 0, 0, '2018-06-07 09:51:25', '2018-06-07 09:51:25'),
(659, 13, 1, '26287', 20, 0, 15, 2.5, 750, '2018-04-16', 3, 1, 0, 0, 0, 0, 0, 0, 0, 0, 0, 0, '2018-06-07 09:51:34', '2018-06-07 09:51:34'),
(660, 13, 1, '26218', 20, 0, 15, 2.5, 750, '2018-04-17', 3, 1, 0, 0, 0, 0, 0, 0, 0, 0, 0, 0, '2018-06-07 09:51:52', '2018-06-07 09:51:52'),
(661, 13, 1, '26210', 20, 0, 15, 2.5, 750, '2018-04-17', 3, 1, 0, 0, 0, 0, 0, 0, 0, 0, 0, 0, '2018-06-07 09:52:00', '2018-06-07 09:52:00'),
(662, 13, 1, '26226', 20, 0, 15, 2.5, 750, '2018-04-17', 3, 1, 0, 0, 0, 0, 0, 0, 0, 0, 0, 0, '2018-06-07 09:52:09', '2018-06-07 09:52:09'),
(663, 13, 1, '26222', 20, 0, 15, 2.5, 750, '2018-04-17', 3, 1, 0, 0, 0, 0, 0, 0, 0, 0, 0, 0, '2018-06-07 09:52:19', '2018-06-07 09:52:19'),
(664, 13, 1, '26213', 20, 0, 15, 2.5, 750, '2018-04-17', 3, 1, 0, 0, 0, 0, 0, 0, 0, 0, 0, 0, '2018-06-07 09:52:33', '2018-06-07 09:52:33'),
(665, 13, 1, '26229', 20, 0, 15, 2.5, 750, '2018-04-17', 3, 1, 0, 0, 0, 0, 0, 0, 0, 0, 0, 0, '2018-06-07 09:52:46', '2018-06-07 09:52:46'),
(666, 13, 1, '26238', 20, 0, 15, 2.5, 750, '2018-04-20', 3, 1, 0, 0, 0, 0, 0, 0, 0, 0, 0, 0, '2018-06-07 09:54:19', '2018-06-07 09:54:19'),
(667, 13, 1, '26241', 20, 0, 15, 2.5, 750, '2018-04-20', 3, 1, 0, 0, 0, 0, 0, 0, 0, 0, 0, 0, '2018-06-07 09:54:28', '2018-06-07 09:54:28'),
(668, 1, 1, '26246', 20, 0, 15, 2.5, 750, '2018-04-20', 3, 1, 0, 0, 0, 0, 0, 0, 0, 0, 0, 0, '2018-06-07 10:10:21', '2018-06-07 10:10:21'),
(669, 13, 1, '26234', 20, 0, 15, 2.5, 750, '2018-04-20', 3, 1, 0, 0, 0, 0, 0, 0, 0, 0, 0, 0, '2018-06-07 10:10:39', '2018-06-07 10:10:39'),
(670, 13, 1, '26250', 20, 0, 15, 2.5, 750, '2018-04-20', 3, 1, 0, 0, 0, 0, 0, 0, 0, 0, 0, 0, '2018-06-07 10:10:56', '2018-06-07 10:10:56'),
(671, 13, 1, '26354', 20, 0, 15, 2.5, 750, '2018-04-20', 3, 1, 0, 0, 0, 0, 0, 0, 0, 0, 0, 0, '2018-06-07 10:11:10', '2018-06-07 10:11:10'),
(672, 13, 1, '26243', 20, 0, 15, 2.5, 750, '2018-04-20', 3, 1, 0, 0, 0, 0, 0, 0, 0, 0, 0, 0, '2018-06-07 10:11:27', '2018-06-07 10:11:27'),
(673, 13, 1, '26366', 20, 0, 15, 2.5, 750, '2018-04-21', 3, 1, 0, 0, 0, 0, 0, 0, 0, 0, 0, 0, '2018-06-07 10:11:40', '2018-06-07 10:11:40'),
(674, 13, 1, '26390', 20, 0, 15, 2.5, 750, '2018-04-21', 3, 1, 0, 0, 0, 0, 0, 0, 0, 0, 0, 0, '2018-06-07 10:11:51', '2018-06-07 10:11:51'),
(675, 13, 1, '26374', 20, 0, 15, 2.5, 750, '2018-04-21', 3, 1, 0, 0, 0, 0, 0, 0, 0, 0, 0, 0, '2018-06-07 10:12:09', '2018-06-07 10:12:09'),
(676, 13, 1, '26378', 20, 0, 15, 2.5, 750, '2018-04-21', 3, 1, 0, 0, 0, 0, 0, 0, 0, 0, 0, 0, '2018-06-07 10:12:22', '2018-06-07 10:12:22'),
(677, 13, 1, '26384', 20, 0, 15, 2.5, 750, '2018-04-21', 3, 1, 0, 0, 0, 0, 0, 0, 0, 0, 0, 0, '2018-06-07 10:12:31', '2018-06-07 10:12:31'),
(678, 13, 1, '26322', 20, 0, 15, 2.5, 750, '2018-04-23', 3, 1, 0, 0, 0, 0, 0, 0, 0, 0, 0, 0, '2018-06-07 10:12:46', '2018-06-07 10:20:35'),
(679, 13, 1, '26308', 20, 0, 15, 2.5, 750, '2018-04-23', 3, 1, 0, 0, 0, 0, 0, 0, 0, 0, 0, 0, '2018-06-07 10:12:56', '2018-06-07 10:17:45'),
(680, 13, 1, '26316', 20, 0, 15, 2.5, 750, '2018-04-23', 3, 1, 0, 0, 0, 0, 0, 0, 0, 0, 0, 0, '2018-06-07 10:13:10', '2018-06-07 10:18:07'),
(681, 13, 1, '26328', 20, 0, 15, 2.5, 750, '2018-04-23', 3, 1, 0, 0, 0, 0, 0, 0, 0, 0, 0, 0, '2018-06-07 10:13:22', '2018-06-07 10:20:51'),
(682, 13, 1, '26303', 20, 0, 15, 2.5, 750, '2018-04-23', 3, 1, 0, 0, 0, 0, 0, 0, 0, 0, 0, 0, '2018-06-07 10:13:33', '2018-06-07 10:17:28'),
(683, 13, 1, '26312', 20, 0, 15, 2.5, 750, '2018-04-23', 3, 1, 0, 0, 0, 0, 0, 0, 0, 0, 0, 0, '2018-06-07 10:13:54', '2018-06-07 10:13:54'),
(684, 13, 1, '26332', 20, 0, 15, 2.5, 750, '2018-04-23', 3, 1, 0, 0, 0, 0, 0, 0, 0, 0, 0, 0, '2018-06-07 10:14:04', '2018-06-07 10:14:04'),
(685, 13, 1, '26496', 20, 0, 15, 2.5, 750, '2018-04-24', 3, 1, 0, 0, 0, 0, 0, 0, 0, 0, 0, 0, '2018-06-07 10:25:55', '2018-06-07 10:25:55'),
(686, 13, 1, '26493', 20, 0, 15, 2.5, 750, '2018-04-24', 3, 1, 0, 0, 0, 0, 0, 0, 0, 0, 0, 0, '2018-06-07 10:26:09', '2018-06-07 10:26:09'),
(687, 13, 1, '26458', 20, 0, 15, 2.5, 750, '2018-04-24', 3, 1, 0, 0, 0, 0, 0, 0, 0, 0, 0, 0, '2018-06-07 10:26:22', '2018-06-07 10:26:22'),
(688, 13, 1, '26465', 20, 0, 15, 2.5, 750, '2018-04-24', 3, 1, 0, 0, 0, 0, 0, 0, 0, 0, 0, 0, '2018-06-07 10:26:30', '2018-06-07 10:26:30'),
(689, 13, 1, '26478', 20, 0, 15, 2.5, 750, '2018-04-24', 3, 1, 0, 0, 0, 0, 0, 0, 0, 0, 0, 0, '2018-06-07 10:26:43', '2018-06-07 10:26:43'),
(690, 13, 1, '26480', 20, 0, 15, 2.5, 750, '2018-04-24', 3, 1, 0, 0, 0, 0, 0, 0, 0, 0, 0, 0, '2018-06-07 10:26:51', '2018-06-07 10:26:51'),
(691, 13, 1, '26472', 20, 0, 15, 2.5, 750, '2018-04-24', 3, 1, 0, 0, 0, 0, 0, 0, 0, 0, 0, 0, '2018-06-07 10:27:01', '2018-06-07 10:27:01'),
(692, 13, 1, '26487', 20, 0, 15, 2.5, 750, '2018-04-24', 3, 1, 0, 0, 0, 0, 0, 0, 0, 0, 0, 0, '2018-06-07 10:27:08', '2018-06-07 10:27:08'),
(693, 13, 1, '20000', 20, 0, 15, 2.5, 750, '2018-04-25', 3, 1, 0, 0, 0, 0, 0, 0, 0, 0, 0, 0, '2018-06-07 10:27:41', '2018-06-07 10:27:41'),
(694, 13, 1, '26530', 20, 0, 15, 2.5, 750, '2018-04-27', 3, 1, 0, 0, 0, 0, 0, 0, 0, 0, 0, 0, '2018-06-07 10:27:53', '2018-06-07 10:27:53'),
(695, 13, 1, '26538', 20, 0, 15, 2.5, 750, '2018-04-27', 3, 1, 0, 0, 0, 0, 0, 0, 0, 0, 0, 0, '2018-06-07 10:28:03', '2018-06-07 10:28:03'),
(696, 13, 1, '26704', 20, 0, 15, 2.5, 750, '2018-04-28', 3, 1, 0, 0, 0, 0, 0, 0, 0, 0, 0, 0, '2018-06-07 10:28:23', '2018-06-07 10:28:23'),
(697, 13, 1, '26716', 20, 0, 15, 2.5, 750, '2018-04-28', 3, 1, 0, 0, 0, 0, 0, 0, 0, 0, 0, 0, '2018-06-07 10:28:32', '2018-06-07 10:28:32'),
(698, 13, 1, '26724', 20, 0, 15, 2.5, 750, '2018-04-28', 3, 1, 0, 0, 0, 0, 0, 0, 0, 0, 0, 0, '2018-06-07 10:28:42', '2018-06-07 10:28:42'),
(699, 13, 1, '26709', 20, 0, 15, 2.5, 750, '2018-04-28', 3, 1, 0, 0, 0, 0, 0, 0, 0, 0, 0, 0, '2018-06-07 10:28:53', '2018-06-07 10:28:53'),
(700, 13, 1, '26708', 20, 0, 15, 2.5, 750, '2018-04-28', 3, 1, 0, 0, 0, 0, 0, 0, 0, 0, 0, 0, '2018-06-07 10:29:00', '2018-06-07 10:29:00'),
(701, 13, 1, '26742', 20, 0, 15, 2.5, 750, '2018-04-28', 3, 1, 0, 0, 0, 0, 0, 0, 0, 0, 0, 0, '2018-06-07 10:29:09', '2018-06-07 10:29:09'),
(702, 13, 1, '26735', 20, 0, 15, 2.5, 750, '2018-04-28', 3, 1, 0, 0, 0, 0, 0, 0, 0, 0, 0, 0, '2018-06-07 10:29:16', '2018-06-07 10:29:16'),
(703, 13, 1, '26728', 20, 0, 15, 2.5, 750, '2018-04-28', 3, 1, 0, 0, 0, 0, 0, 0, 0, 0, 0, 0, '2018-06-07 10:29:24', '2018-06-07 10:29:24'),
(707, 17, 1, '28001', 20, 0, 14, 2.5, 700, '2018-05-23', 1, 1, 0, 0, 0, 0, 0, 0, 0, 0, 0, 0, '2018-06-07 11:01:34', '2018-06-07 11:01:34'),
(708, 17, 1, '28067', 20, 0, 14, 2.5, 700, '2018-05-23', 1, 1, 0, 0, 0, 0, 0, 0, 0, 0, 0, 0, '2018-06-07 11:01:43', '2018-06-07 11:01:43'),
(709, 17, 1, '28072', 20, 0, 14, 2.5, 700, '2018-05-23', 1, 1, 0, 0, 0, 0, 0, 0, 0, 0, 0, 0, '2018-06-07 11:01:56', '2018-06-07 11:01:56'),
(710, 17, 1, '28078', 20, 0, 14, 2.5, 700, '2018-05-23', 1, 1, 0, 0, 0, 0, 0, 0, 0, 0, 0, 0, '2018-06-07 11:02:05', '2018-06-07 11:02:05'),
(711, 17, 1, '28085', 20, 0, 14, 2.5, 700, '2018-05-23', 1, 1, 0, 0, 0, 0, 0, 0, 0, 0, 0, 0, '2018-06-07 11:02:22', '2018-06-07 11:02:22'),
(712, 17, 1, '28007', 20, 0, 14, 2.5, 700, '2018-05-23', 1, 1, 0, 0, 0, 0, 0, 0, 0, 0, 0, 0, '2018-06-07 11:02:44', '2018-06-07 11:02:44'),
(713, 17, 1, '28012', 20, 0, 14, 2.5, 700, '2018-05-23', 1, 1, 0, 0, 0, 0, 0, 0, 0, 0, 0, 0, '2018-06-07 11:02:54', '2018-06-07 11:02:54'),
(714, 17, 1, '30246', 20, 0, 14, 2.5, 700, '2018-05-23', 1, 1, 0, 0, 0, 0, 0, 0, 0, 0, 0, 0, '2018-06-07 11:03:04', '2018-06-07 11:03:04'),
(715, 17, 1, '28054', 20, 0, 14, 2.5, 700, '2018-05-23', 1, 1, 0, 0, 0, 0, 0, 0, 0, 0, 0, 0, '2018-06-07 11:03:15', '2018-06-07 11:03:15'),
(716, 17, 1, '28060', 20, 0, 14, 2.5, 700, '2018-05-23', 1, 1, 0, 0, 0, 0, 0, 0, 0, 0, 0, 0, '2018-06-07 11:03:26', '2018-06-07 11:03:26'),
(717, 17, 1, '28035', 20, 0, 14, 2.5, 700, '2018-05-25', 1, 1, 0, 0, 0, 0, 0, 0, 0, 0, 0, 0, '2018-06-07 11:03:42', '2018-06-07 11:03:42'),
(718, 17, 1, '28031', 20, 0, 14, 2.5, 700, '2018-05-25', 1, 1, 0, 0, 0, 0, 0, 0, 0, 0, 0, 0, '2018-06-07 11:03:51', '2018-06-07 11:03:51'),
(719, 17, 1, '28028', 20, 0, 14, 2.5, 700, '2018-05-25', 1, 1, 0, 0, 0, 0, 0, 0, 0, 0, 0, 0, '2018-06-07 11:04:00', '2018-06-07 11:04:00'),
(720, 17, 1, '28025', 20, 0, 14, 2.5, 700, '2018-05-25', 1, 1, 0, 0, 0, 0, 0, 0, 0, 0, 0, 0, '2018-06-07 11:04:09', '2018-06-07 11:04:09'),
(721, 17, 1, '28022', 20, 0, 14, 2.5, 700, '2018-05-25', 1, 1, 0, 0, 0, 0, 0, 0, 0, 0, 0, 0, '2018-06-07 11:04:20', '2018-06-07 11:04:20'),
(722, 17, 1, '28020', 20, 0, 14, 2.5, 700, '2018-05-25', 1, 1, 0, 0, 0, 0, 0, 0, 0, 0, 0, 0, '2018-06-07 11:04:28', '2018-06-07 11:04:28'),
(723, 17, 1, '28017', 20, 0, 14, 2.5, 700, '2018-05-25', 1, 1, 0, 0, 0, 0, 0, 0, 0, 0, 0, 0, '2018-06-07 11:04:36', '2018-06-07 11:04:36'),
(724, 17, 1, '28015', 20, 0, 14, 2.5, 700, '2018-05-25', 1, 1, 0, 0, 0, 0, 0, 0, 0, 0, 0, 0, '2018-06-07 11:04:44', '2018-06-07 11:04:44'),
(725, 16, 1, '25397', 20, 0, 15, 2.5, 750, '2018-05-08', 3, 1, 0, 0, 0, 0, 0, 0, 0, 0, 0, 0, '2018-06-07 11:05:42', '2018-06-07 11:05:42'),
(726, 16, 1, '25394', 20, 0, 15, 2.5, 750, '2018-05-08', 3, 1, 0, 0, 0, 0, 0, 0, 0, 0, 0, 0, '2018-06-07 11:05:58', '2018-06-07 11:05:58'),
(727, 16, 1, '25396', 20, 0, 15, 2.5, 750, '2018-05-08', 3, 1, 0, 0, 0, 0, 0, 0, 0, 0, 0, 0, '2018-06-07 11:06:09', '2018-06-07 11:06:09'),
(728, 16, 1, '25395', 20, 0, 15, 2.5, 750, '2018-05-08', 3, 1, 0, 0, 0, 0, 0, 0, 0, 0, 0, 0, '2018-06-07 11:06:24', '2018-06-07 11:06:24'),
(729, 16, 1, '25398', 20, 0, 15, 2.5, 750, '2018-05-08', 3, 1, 0, 0, 0, 0, 0, 0, 0, 0, 0, 0, '2018-06-07 11:06:34', '2018-06-07 11:06:34'),
(730, 16, 1, '25399', 20, 0, 15, 2.5, 750, '2018-05-08', 3, 1, 0, 0, 0, 0, 0, 0, 0, 0, 0, 0, '2018-06-07 11:06:43', '2018-06-07 11:06:43'),
(731, 16, 1, '25400', 20, 0, 15, 2.5, 750, '2018-05-08', 3, 1, 0, 0, 0, 0, 0, 0, 0, 0, 0, 0, '2018-06-07 11:06:51', '2018-06-07 11:06:51'),
(732, 16, 1, '25392', 20, 0, 15, 2.5, 750, '2018-05-08', 3, 1, 0, 0, 0, 0, 0, 0, 0, 0, 0, 0, '2018-06-07 11:06:59', '2018-06-07 11:06:59'),
(733, 16, 1, '25519', 20, 0, 15, 2.5, 750, '2018-05-09', 3, 1, 0, 0, 0, 0, 0, 0, 0, 0, 0, 0, '2018-06-07 11:07:15', '2018-06-07 11:07:15'),
(734, 16, 1, '25519', 20, 0, 15, 2.5, 750, '2018-05-09', 3, 1, 0, 0, 0, 0, 0, 0, 0, 0, 0, 0, '2018-06-07 11:07:25', '2018-06-07 11:07:25'),
(735, 16, 1, '25519', 20, 0, 15, 2.5, 750, '2018-05-09', 3, 1, 0, 0, 0, 0, 0, 0, 0, 0, 0, 0, '2018-06-07 11:08:01', '2018-06-07 11:08:01'),
(736, 16, 1, '25519', 20, 0, 15, 2.5, 750, '2018-05-10', 3, 1, 0, 0, 0, 0, 0, 0, 0, 0, 0, 0, '2018-06-07 11:09:20', '2018-06-07 11:09:20'),
(737, 16, 1, '25519', 20, 0, 15, 2.5, 750, '2018-05-10', 3, 1, 0, 0, 0, 0, 0, 0, 0, 0, 0, 0, '2018-06-07 11:09:31', '2018-06-07 11:09:31'),
(738, 16, 1, '25519', 20, 0, 15, 2.5, 750, '2018-05-10', 3, 1, 0, 0, 0, 0, 0, 0, 0, 0, 0, 0, '2018-06-07 11:09:40', '2018-06-07 11:09:40'),
(739, 16, 1, '25519', 20, 0, 15, 2.5, 750, '2018-05-10', 3, 1, 0, 0, 0, 0, 0, 0, 0, 0, 0, 0, '2018-06-07 11:09:51', '2018-06-07 11:09:51'),
(740, 16, 1, '25519', 20, 0, 15, 2.5, 750, '2018-05-10', 3, 1, 0, 0, 0, 0, 0, 0, 0, 0, 0, 0, '2018-06-07 11:09:59', '2018-06-07 11:09:59'),
(741, 16, 1, '25519', 20, 0, 15, 2.5, 750, '2018-05-11', 3, 1, 0, 0, 0, 0, 0, 0, 0, 0, 0, 0, '2018-06-07 11:10:25', '2018-06-07 11:10:25'),
(742, 16, 1, '25519', 20, 0, 15, 2.5, 750, '2018-05-11', 3, 1, 0, 0, 0, 0, 0, 0, 0, 0, 0, 0, '2018-06-07 11:10:38', '2018-06-07 11:10:38'),
(743, 16, 1, '25519', 20, 0, 15, 2.5, 750, '2018-05-11', 3, 1, 0, 0, 0, 0, 0, 0, 0, 0, 0, 0, '2018-06-07 11:10:47', '2018-06-07 11:10:47'),
(744, 16, 1, '25519', 20, 0, 15, 2.5, 750, '2018-05-11', 3, 1, 0, 0, 0, 0, 0, 0, 0, 0, 0, 0, '2018-06-07 11:10:55', '2018-06-07 11:10:55'),
(745, 16, 1, '25519', 20, 0, 15, 2.5, 750, '2018-05-11', 3, 1, 0, 0, 0, 0, 0, 0, 0, 0, 0, 0, '2018-06-07 11:11:02', '2018-06-07 11:11:02'),
(746, 16, 1, '25519', 20, 0, 15, 2.5, 750, '2018-05-11', 3, 1, 0, 0, 0, 0, 0, 0, 0, 0, 0, 0, '2018-06-07 11:11:10', '2018-06-07 11:11:10'),
(747, 16, 1, '25519', 20, 0, 15, 2.5, 750, '2018-05-11', 3, 1, 0, 0, 0, 0, 0, 0, 0, 0, 0, 0, '2018-06-07 11:11:20', '2018-06-07 11:11:20'),
(748, 16, 1, '25519', 20, 0, 15, 2.5, 750, '2018-05-12', 3, 1, 0, 0, 0, 0, 0, 0, 0, 0, 0, 0, '2018-06-07 11:11:47', '2018-06-07 11:11:47'),
(749, 16, 1, '25519', 20, 0, 15, 2.5, 750, '2018-05-12', 3, 1, 0, 0, 0, 0, 0, 0, 0, 0, 0, 0, '2018-06-07 11:11:54', '2018-06-07 11:11:54'),
(750, 16, 1, '25519', 20, 0, 15, 2.5, 750, '2018-05-12', 3, 1, 0, 0, 0, 0, 0, 0, 0, 0, 0, 0, '2018-06-07 11:12:00', '2018-06-07 11:12:00'),
(751, 16, 1, '25519', 20, 0, 15, 2.5, 750, '2018-05-12', 3, 1, 0, 0, 0, 0, 0, 0, 0, 0, 0, 0, '2018-06-07 11:12:14', '2018-06-07 11:12:14'),
(752, 16, 1, '25519', 20, 0, 15, 2.5, 750, '2018-05-12', 3, 1, 0, 0, 0, 0, 0, 0, 0, 0, 0, 0, '2018-06-07 11:12:20', '2018-06-07 11:12:20'),
(753, 16, 1, '25519', 20, 0, 15, 2.5, 750, '2018-05-12', 3, 1, 0, 0, 0, 0, 0, 0, 0, 0, 0, 0, '2018-06-07 11:12:28', '2018-06-07 11:12:28'),
(754, 16, 1, '25519', 20, 0, 15, 2.5, 750, '2018-05-12', 3, 1, 0, 0, 0, 0, 0, 0, 0, 0, 0, 0, '2018-06-07 11:12:36', '2018-06-07 11:12:36'),
(755, 16, 1, '25519', 20, 0, 15, 2.5, 750, '2018-05-12', 3, 1, 0, 0, 0, 0, 0, 0, 0, 0, 0, 0, '2018-06-07 11:12:44', '2018-06-07 11:12:44'),
(756, 16, 1, '25519', 20, 0, 15, 2.5, 750, '2018-05-12', 3, 1, 0, 0, 0, 0, 0, 0, 0, 0, 0, 0, '2018-06-07 11:12:53', '2018-06-07 11:12:53'),
(757, 16, 1, '25519', 20, 0, 15, 2.5, 750, '2018-05-12', 3, 1, 0, 0, 0, 0, 0, 0, 0, 0, 0, 0, '2018-06-07 11:13:05', '2018-06-07 11:13:05'),
(758, 16, 1, '25519', 20, 0, 15, 2.5, 750, '2018-05-12', 3, 1, 0, 0, 0, 0, 0, 0, 0, 0, 0, 0, '2018-06-07 11:13:13', '2018-06-07 11:13:13'),
(759, 16, 1, '25519', 20, 0, 15, 2.5, 750, '2018-05-12', 3, 1, 0, 0, 0, 0, 0, 0, 0, 0, 0, 0, '2018-06-07 11:13:20', '2018-06-07 11:13:20'),
(760, 16, 1, '25519', 20, 0, 15, 2.5, 750, '2018-05-12', 3, 1, 0, 0, 0, 0, 0, 0, 0, 0, 0, 0, '2018-06-07 11:13:31', '2018-06-07 11:13:31'),
(761, 16, 1, '25519', 20, 0, 15, 2.5, 750, '2018-05-12', 3, 1, 0, 0, 0, 0, 0, 0, 0, 0, 0, 0, '2018-06-07 11:13:42', '2018-06-07 11:13:42'),
(762, 16, 1, '25519', 20, 0, 15, 2.5, 750, '2018-05-12', 3, 1, 0, 0, 0, 0, 0, 0, 0, 0, 0, 0, '2018-06-07 11:13:48', '2018-06-07 11:13:48'),
(763, 16, 1, '25519', 20, 0, 15, 2.5, 750, '2018-05-13', 3, 1, 0, 0, 0, 0, 0, 0, 0, 0, 0, 0, '2018-06-07 11:15:46', '2018-06-07 11:15:46'),
(764, 16, 1, '25519', 20, 0, 15, 2.5, 750, '2018-05-13', 3, 1, 0, 0, 0, 0, 0, 0, 0, 0, 0, 0, '2018-06-07 11:15:53', '2018-06-07 11:15:53'),
(765, 16, 1, '25519', 20, 0, 15, 2.5, 750, '2018-05-13', 3, 1, 0, 0, 0, 0, 0, 0, 0, 0, 0, 0, '2018-06-07 11:16:00', '2018-06-07 11:16:00'),
(766, 16, 1, '25519', 20, 0, 15, 2.5, 750, '2018-05-13', 3, 1, 0, 0, 0, 0, 0, 0, 0, 0, 0, 0, '2018-06-07 11:16:06', '2018-06-07 11:16:06'),
(768, 16, 1, '25519', 20, 0, 15, 2.5, 750, '2018-05-14', 3, 1, 0, 0, 0, 0, 0, 0, 0, 0, 0, 0, '2018-06-07 11:17:44', '2018-06-07 11:17:44'),
(769, 16, 1, '25519', 20, 0, 15, 2.5, 750, '2018-05-14', 3, 1, 0, 0, 0, 0, 0, 0, 0, 0, 0, 0, '2018-06-07 11:17:50', '2018-06-07 11:17:50');
INSERT INTO `deliveries` (`id`, `billing_id`, `form_type`, `ticket_no`, `rate_per_cubic_meter`, `rate_id`, `capacity`, `kilometers`, `amount`, `date`, `truck_id`, `company_id`, `destination_id`, `shift_id`, `load_area_id`, `material_id`, `source_id`, `no_of_bags`, `flecon_bags`, `no_of_trips`, `total`, `above`, `date_created`, `date_modified`) VALUES
(771, 16, 1, '2000', 20, 0, 15, 2.5, 750, '2018-05-14', 3, 1, 0, 0, 0, 0, 0, 0, 0, 0, 0, 0, '2018-06-07 11:19:57', '2018-06-07 11:19:57'),
(772, 16, 1, '25519', 20, 0, 15, 2.5, 750, '2018-05-14', 3, 1, 0, 0, 0, 0, 0, 0, 0, 0, 0, 0, '2018-06-07 11:20:05', '2018-06-07 11:20:05'),
(773, 16, 1, '20000', 20, 0, 15, 2.5, 750, '2018-05-14', 3, 1, 0, 0, 0, 0, 0, 0, 0, 0, 0, 0, '2018-06-07 11:20:22', '2018-06-07 11:20:22'),
(774, 16, 1, '20000', 20, 0, 15, 2.5, 750, '2018-05-14', 3, 1, 0, 0, 0, 0, 0, 0, 0, 0, 0, 0, '2018-06-07 11:20:34', '2018-06-07 11:20:34'),
(775, 16, 1, '25519', 20, 0, 15, 2.5, 750, '2018-05-14', 3, 1, 0, 0, 0, 0, 0, 0, 0, 0, 0, 0, '2018-06-07 11:20:44', '2018-06-07 11:20:44'),
(776, 16, 1, '20000', 20, 0, 15, 2.5, 750, '2018-05-14', 3, 1, 0, 0, 0, 0, 0, 0, 0, 0, 0, 0, '2018-06-07 11:20:52', '2018-06-07 11:20:52'),
(777, 17, 1, '25519', 20, 0, 15, 2.5, 750, '2018-05-18', 3, 1, 0, 0, 0, 0, 0, 0, 0, 0, 0, 0, '2018-06-07 11:21:21', '2018-06-07 11:21:21'),
(778, 17, 1, '25519', 20, 0, 15, 2.5, 750, '2018-05-18', 3, 1, 0, 0, 0, 0, 0, 0, 0, 0, 0, 0, '2018-06-07 11:21:33', '2018-06-07 11:21:33'),
(779, 17, 1, '25519', 20, 0, 15, 2.5, 750, '2018-05-18', 3, 1, 0, 0, 0, 0, 0, 0, 0, 0, 0, 0, '2018-06-07 11:21:47', '2018-06-07 11:21:47'),
(780, 17, 1, '25519', 20, 0, 15, 2.5, 750, '2018-05-18', 3, 1, 0, 0, 0, 0, 0, 0, 0, 0, 0, 0, '2018-06-07 11:21:54', '2018-06-07 11:21:54'),
(781, 17, 1, '25519', 20, 0, 15, 2.5, 750, '2018-05-18', 3, 1, 0, 0, 0, 0, 0, 0, 0, 0, 0, 0, '2018-06-07 11:22:03', '2018-06-07 11:22:03'),
(782, 17, 1, '30159', 20, 0, 15, 2.5, 750, '2018-05-18', 3, 1, 0, 0, 0, 0, 0, 0, 0, 0, 0, 0, '2018-06-07 11:22:16', '2018-06-07 11:22:16'),
(783, 17, 1, '30153', 20, 0, 15, 2.5, 750, '2018-05-18', 3, 1, 0, 0, 0, 0, 0, 0, 0, 0, 0, 0, '2018-06-07 11:22:26', '2018-06-07 11:22:26'),
(784, 17, 1, '30157', 20, 0, 15, 2.5, 750, '2018-05-18', 3, 1, 0, 0, 0, 0, 0, 0, 0, 0, 0, 0, '2018-06-07 11:22:36', '2018-06-07 11:22:36'),
(785, 17, 1, '30169', 20, 0, 15, 2.5, 750, '2018-05-18', 3, 1, 0, 0, 0, 0, 0, 0, 0, 0, 0, 0, '2018-06-07 11:22:45', '2018-06-07 11:22:45'),
(786, 17, 1, '30164', 20, 0, 15, 2.5, 750, '2018-05-18', 3, 1, 0, 0, 0, 0, 0, 0, 0, 0, 0, 0, '2018-06-07 11:22:56', '2018-06-07 11:22:56'),
(787, 17, 1, '30173', 20, 0, 15, 2.5, 750, '2018-05-18', 3, 1, 0, 0, 0, 0, 0, 0, 0, 0, 0, 0, '2018-06-07 11:23:05', '2018-06-07 11:23:05'),
(788, 17, 1, '30185', 20, 0, 15, 2.5, 750, '2018-05-18', 3, 1, 0, 0, 0, 0, 0, 0, 0, 0, 0, 0, '2018-06-07 11:23:12', '2018-06-07 11:23:12'),
(789, 17, 1, '30180', 20, 0, 15, 2.5, 750, '2018-05-18', 3, 1, 0, 0, 0, 0, 0, 0, 0, 0, 0, 0, '2018-06-07 11:23:22', '2018-06-07 11:23:22'),
(790, 17, 1, '30189', 20, 0, 15, 2.5, 750, '2018-05-18', 3, 1, 0, 0, 0, 0, 0, 0, 0, 0, 0, 0, '2018-06-07 11:23:32', '2018-06-07 11:23:32'),
(791, 17, 1, '30196', 20, 0, 15, 2.5, 750, '2018-05-18', 3, 1, 0, 0, 0, 0, 0, 0, 0, 0, 0, 0, '2018-06-07 11:23:47', '2018-06-07 11:23:47'),
(792, 17, 1, '29755', 20, 0, 15, 2.5, 750, '2018-05-19', 3, 1, 0, 0, 0, 0, 0, 0, 0, 0, 0, 0, '2018-06-07 11:24:13', '2018-06-07 11:24:13'),
(793, 17, 1, '29752', 20, 0, 15, 2.5, 750, '2018-05-19', 3, 1, 0, 0, 0, 0, 0, 0, 0, 0, 0, 0, '2018-06-07 11:24:21', '2018-06-07 11:24:21'),
(794, 17, 1, '29763', 20, 0, 15, 2.5, 750, '2018-05-19', 3, 1, 0, 0, 0, 0, 0, 0, 0, 0, 0, 0, '2018-06-07 11:24:30', '2018-06-07 11:24:30'),
(795, 17, 1, '29759', 20, 0, 15, 2.5, 750, '2018-05-19', 3, 1, 0, 0, 0, 0, 0, 0, 0, 0, 0, 0, '2018-06-07 11:24:38', '2018-06-07 11:24:38'),
(796, 17, 1, '29768', 20, 0, 15, 2.5, 750, '2018-05-19', 3, 1, 0, 0, 0, 0, 0, 0, 0, 0, 0, 0, '2018-06-07 11:24:50', '2018-06-07 11:24:50'),
(797, 17, 1, '29765', 20, 0, 15, 2.5, 750, '2018-05-19', 3, 1, 0, 0, 0, 0, 0, 0, 0, 0, 0, 0, '2018-06-07 11:24:59', '2018-06-07 11:24:59'),
(798, 17, 1, '29779', 20, 0, 15, 2.5, 750, '2018-05-19', 3, 1, 0, 0, 0, 0, 0, 0, 0, 0, 0, 0, '2018-06-07 11:25:06', '2018-06-07 11:25:06'),
(799, 17, 1, '29782', 20, 0, 15, 2.5, 750, '2018-05-19', 3, 1, 0, 0, 0, 0, 0, 0, 0, 0, 0, 0, '2018-06-07 11:25:16', '2018-06-07 11:25:16'),
(800, 17, 1, '29793', 20, 0, 15, 2.5, 750, '2018-05-19', 3, 1, 0, 0, 0, 0, 0, 0, 0, 0, 0, 0, '2018-06-07 11:25:26', '2018-06-07 11:25:26'),
(801, 17, 1, '29800', 20, 0, 15, 2.5, 750, '2018-05-19', 3, 1, 0, 0, 0, 0, 0, 0, 0, 0, 0, 0, '2018-06-07 11:29:35', '2018-06-07 11:31:22'),
(802, 17, 1, '29806', 20, 0, 15, 2.5, 750, '2018-05-19', 3, 1, 0, 0, 0, 0, 0, 0, 0, 0, 0, 0, '2018-06-07 11:29:44', '2018-06-07 11:31:35'),
(803, 17, 1, '29811', 20, 0, 15, 2.5, 750, '2018-05-19', 3, 1, 0, 0, 0, 0, 0, 0, 0, 0, 0, 0, '2018-06-07 11:32:21', '2018-06-07 11:32:21'),
(804, 17, 1, '29815', 20, 0, 15, 2.5, 750, '2018-05-19', 3, 1, 0, 0, 0, 0, 0, 0, 0, 0, 0, 0, '2018-06-07 11:32:31', '2018-06-07 11:32:31'),
(805, 17, 1, '29786', 20, 0, 15, 2.5, 750, '2018-05-19', 3, 1, 0, 0, 0, 0, 0, 0, 0, 0, 0, 0, '2018-06-07 11:32:40', '2018-06-07 11:32:40'),
(806, 17, 1, '29791', 20, 0, 15, 2.5, 750, '2018-05-19', 3, 1, 0, 0, 0, 0, 0, 0, 0, 0, 0, 0, '2018-06-07 11:32:48', '2018-06-07 11:32:48'),
(807, 17, 1, '29833', 20, 0, 15, 2.5, 750, '2018-05-20', 3, 1, 0, 0, 0, 0, 0, 0, 0, 0, 0, 0, '2018-06-07 11:33:02', '2018-06-07 11:33:02'),
(808, 17, 1, '29829', 20, 0, 15, 2.5, 750, '2018-05-20', 3, 1, 0, 0, 0, 0, 0, 0, 0, 0, 0, 0, '2018-06-07 11:33:12', '2018-06-07 11:33:12'),
(809, 17, 1, '29846', 20, 0, 15, 2.5, 750, '2018-05-20', 3, 1, 0, 0, 0, 0, 0, 0, 0, 0, 0, 0, '2018-06-07 11:33:21', '2018-06-07 11:33:21'),
(810, 17, 1, '29842', 20, 0, 15, 2.5, 750, '2018-05-20', 3, 1, 0, 0, 0, 0, 0, 0, 0, 0, 0, 0, '2018-06-07 11:33:29', '2018-06-07 11:33:29'),
(811, 17, 1, '29838', 20, 0, 15, 2.5, 750, '2018-05-20', 3, 1, 0, 0, 0, 0, 0, 0, 0, 0, 0, 0, '2018-06-07 11:33:37', '2018-06-07 11:33:37'),
(812, 17, 1, '30223', 20, 0, 15, 2.5, 750, '2018-05-21', 3, 1, 0, 0, 0, 0, 0, 0, 0, 0, 0, 0, '2018-06-07 11:33:55', '2018-06-07 11:33:55'),
(813, 17, 1, '30230', 20, 0, 15, 2.5, 750, '2018-05-21', 3, 1, 0, 0, 0, 0, 0, 0, 0, 0, 0, 0, '2018-06-07 11:34:03', '2018-06-07 11:34:03'),
(814, 17, 1, '30219', 20, 0, 15, 2.5, 750, '2018-05-21', 3, 1, 0, 0, 0, 0, 0, 0, 0, 0, 0, 0, '2018-06-07 11:34:12', '2018-06-07 11:34:12'),
(815, 17, 1, '30216', 20, 0, 15, 2.5, 750, '2018-05-21', 3, 1, 0, 0, 0, 0, 0, 0, 0, 0, 0, 0, '2018-06-07 11:34:19', '2018-06-07 11:34:19'),
(816, 17, 1, '30209', 20, 0, 15, 2.5, 750, '2018-05-21', 3, 1, 0, 0, 0, 0, 0, 0, 0, 0, 0, 0, '2018-06-07 11:34:35', '2018-06-07 11:34:35'),
(817, 17, 1, '29935', 20, 0, 15, 2.5, 750, '2018-05-21', 3, 1, 0, 0, 0, 0, 0, 0, 0, 0, 0, 0, '2018-06-07 11:34:46', '2018-06-07 11:34:46'),
(818, 17, 1, '29941', 20, 0, 15, 2.5, 750, '2018-05-21', 3, 1, 0, 0, 0, 0, 0, 0, 0, 0, 0, 0, '2018-06-07 11:34:55', '2018-06-07 11:34:55'),
(819, 17, 1, '29949', 20, 0, 15, 2.5, 750, '2018-05-21', 3, 1, 0, 0, 0, 0, 0, 0, 0, 0, 0, 0, '2018-06-07 11:35:02', '2018-06-07 11:35:02'),
(820, 17, 1, '30236', 20, 0, 15, 2.5, 750, '2018-05-21', 3, 1, 0, 0, 0, 0, 0, 0, 0, 0, 0, 0, '2018-06-07 11:35:10', '2018-06-07 11:35:10'),
(821, 17, 1, '30245', 20, 0, 15, 2.5, 750, '2018-05-22', 3, 1, 0, 0, 0, 0, 0, 0, 0, 0, 0, 0, '2018-06-07 11:35:27', '2018-06-07 11:35:27'),
(822, 17, 1, '28059', 20, 0, 15, 2.5, 750, '2018-05-22', 3, 1, 0, 0, 0, 0, 0, 0, 0, 0, 0, 0, '2018-06-07 11:35:36', '2018-06-07 11:35:36'),
(823, 17, 1, '28063', 20, 0, 15, 2.5, 750, '2018-05-22', 3, 1, 0, 0, 0, 0, 0, 0, 0, 0, 0, 0, '2018-06-07 11:35:49', '2018-06-07 11:35:49'),
(824, 17, 1, '30241', 20, 0, 15, 2.5, 750, '2018-05-22', 3, 1, 0, 0, 0, 0, 0, 0, 0, 0, 0, 0, '2018-06-07 11:36:00', '2018-06-07 11:36:00'),
(825, 17, 1, '28053', 20, 0, 15, 2.5, 750, '2018-05-22', 3, 1, 0, 0, 0, 0, 0, 0, 0, 0, 0, 0, '2018-06-07 11:36:08', '2018-06-07 11:36:08'),
(826, 17, 1, '28010', 20, 0, 15, 2.5, 750, '2018-05-23', 3, 1, 0, 0, 0, 0, 0, 0, 0, 0, 0, 0, '2018-06-07 11:36:26', '2018-06-07 11:36:26'),
(827, 17, 1, '28013', 20, 0, 15, 2.5, 750, '2018-05-23', 3, 1, 0, 0, 0, 0, 0, 0, 0, 0, 0, 0, '2018-06-07 11:36:35', '2018-06-07 11:36:35'),
(828, 17, 1, '28066', 20, 0, 15, 2.5, 750, '2018-05-23', 3, 1, 0, 0, 0, 0, 0, 0, 0, 0, 0, 0, '2018-06-07 11:36:44', '2018-06-07 11:36:44'),
(829, 17, 1, '28075', 20, 0, 15, 2.5, 750, '2018-05-23', 3, 1, 0, 0, 0, 0, 0, 0, 0, 0, 0, 0, '2018-06-07 11:36:51', '2018-06-07 11:36:51'),
(830, 17, 1, '28081', 20, 0, 15, 2.5, 750, '2018-05-23', 3, 1, 0, 0, 0, 0, 0, 0, 0, 0, 0, 0, '2018-06-07 11:36:59', '2018-06-07 11:36:59'),
(831, 17, 1, '28087', 20, 0, 15, 2.5, 750, '2018-05-23', 3, 1, 0, 0, 0, 0, 0, 0, 0, 0, 0, 0, '2018-06-07 11:37:11', '2018-06-07 11:37:11'),
(832, 17, 1, '28003', 20, 0, 15, 2.5, 750, '2018-05-23', 3, 1, 0, 0, 0, 0, 0, 0, 0, 0, 0, 0, '2018-06-07 11:37:19', '2018-06-07 11:37:19'),
(833, 17, 1, '28008', 20, 0, 15, 2.5, 750, '2018-05-23', 3, 1, 0, 0, 0, 0, 0, 0, 0, 0, 0, 0, '2018-06-07 11:37:26', '2018-06-07 11:37:26'),
(834, 17, 1, '28039', 20, 0, 15, 2.5, 750, '2018-05-25', 3, 1, 0, 0, 0, 0, 0, 0, 0, 0, 0, 0, '2018-06-07 11:37:49', '2018-06-07 11:41:04'),
(835, 17, 1, '28014', 20, 0, 15, 2.5, 750, '2018-05-25', 3, 1, 0, 0, 0, 0, 0, 0, 0, 0, 0, 0, '2018-06-07 11:38:00', '2018-06-07 11:40:09'),
(836, 17, 1, '28027', 20, 0, 15, 2.5, 750, '2018-05-25', 3, 1, 0, 0, 0, 0, 0, 0, 0, 0, 0, 0, '2018-06-07 11:38:09', '2018-06-07 11:40:38'),
(837, 17, 1, '28019', 20, 0, 15, 2.5, 750, '2018-05-25', 3, 1, 0, 0, 0, 0, 0, 0, 0, 0, 0, 0, '2018-06-07 11:38:19', '2018-06-07 11:40:19'),
(838, 17, 1, '28023', 20, 0, 15, 2.5, 750, '2018-05-25', 3, 1, 0, 0, 0, 0, 0, 0, 0, 0, 0, 0, '2018-06-07 11:42:05', '2018-06-07 11:42:05'),
(839, 17, 1, '28016', 20, 0, 15, 2.5, 750, '2018-05-25', 3, 1, 0, 0, 0, 0, 0, 0, 0, 0, 0, 0, '2018-06-07 11:42:14', '2018-06-07 11:42:14'),
(840, 17, 1, '28026', 20, 0, 15, 2.5, 750, '2018-05-25', 3, 1, 0, 0, 0, 0, 0, 0, 0, 0, 0, 0, '2018-06-07 11:42:22', '2018-06-07 11:42:22'),
(841, 17, 1, '28029', 20, 0, 15, 2.5, 750, '2018-05-25', 3, 1, 0, 0, 0, 0, 0, 0, 0, 0, 0, 0, '2018-06-07 11:42:30', '2018-06-07 11:42:30'),
(842, 17, 1, '28032', 20, 0, 15, 2.5, 750, '2018-05-25', 3, 1, 0, 0, 0, 0, 0, 0, 0, 0, 0, 0, '2018-06-07 11:42:46', '2018-06-07 11:42:46'),
(843, 17, 1, '28034', 20, 0, 15, 2.5, 750, '2018-05-25', 3, 1, 0, 0, 0, 0, 0, 0, 0, 0, 0, 0, '2018-06-07 11:42:55', '2018-06-07 11:42:55'),
(844, 17, 1, '28037', 20, 0, 15, 2.5, 750, '2018-05-25', 3, 1, 0, 0, 0, 0, 0, 0, 0, 0, 0, 0, '2018-06-07 11:43:04', '2018-06-07 11:43:04'),
(845, 17, 1, '28096', 20, 0, 15, 2.5, 750, '2018-05-28', 3, 1, 0, 0, 0, 0, 0, 0, 0, 0, 0, 0, '2018-06-07 11:43:21', '2018-06-07 11:43:21'),
(846, 17, 1, '28097', 20, 0, 15, 2.5, 750, '2018-05-28', 3, 1, 0, 0, 0, 0, 0, 0, 0, 0, 0, 0, '2018-06-07 11:43:29', '2018-06-07 11:43:29'),
(847, 17, 1, '28092', 20, 0, 15, 2.5, 750, '2018-05-28', 3, 1, 0, 0, 0, 0, 0, 0, 0, 0, 0, 0, '2018-06-07 11:44:13', '2018-06-07 11:44:13'),
(848, 17, 1, '28095', 20, 0, 15, 2.5, 750, '2018-05-28', 3, 1, 0, 0, 0, 0, 0, 0, 0, 0, 0, 0, '2018-06-07 11:44:21', '2018-06-07 11:44:21'),
(849, 17, 1, '28094', 20, 0, 15, 2.5, 750, '2018-05-28', 3, 1, 0, 0, 0, 0, 0, 0, 0, 0, 0, 0, '2018-06-07 11:44:29', '2018-06-07 11:44:29'),
(850, 17, 1, '28047', 20, 0, 15, 2.5, 750, '2018-05-28', 3, 1, 0, 0, 0, 0, 0, 0, 0, 0, 0, 0, '2018-06-07 11:44:36', '2018-06-07 11:44:36'),
(851, 17, 1, '28102', 20, 0, 15, 2.5, 750, '2018-05-28', 3, 1, 0, 0, 0, 0, 0, 0, 0, 0, 0, 0, '2018-06-07 11:44:47', '2018-06-07 11:44:47'),
(852, 17, 1, '28050', 20, 0, 15, 2.5, 750, '2018-05-28', 3, 1, 0, 0, 0, 0, 0, 0, 0, 0, 0, 0, '2018-06-07 11:44:56', '2018-06-07 11:44:56'),
(853, 1, 1, '28045', 20, 0, 14, 2.5, 700, '2018-05-28', 1, 1, 0, 0, 0, 0, 0, 0, 0, 0, 0, 0, '2018-06-07 11:47:19', '2018-06-07 11:47:19'),
(854, 18, 1, '29865', 20, 0, 14, 2.5, 700, '2018-06-07', 1, 1, 0, 0, 0, 0, 0, 0, 0, 0, 0, 0, '2018-07-03 14:31:56', '2018-07-03 14:31:56'),
(855, 18, 1, '29857', 20, 0, 14, 2.5, 700, '2018-06-07', 1, 1, 0, 0, 0, 0, 0, 0, 0, 0, 0, 0, '2018-07-03 14:32:16', '2018-07-03 14:32:16'),
(856, 18, 1, '29864', 20, 0, 14, 2.5, 700, '2018-06-07', 1, 1, 0, 0, 0, 0, 0, 0, 0, 0, 0, 0, '2018-07-03 14:32:27', '2018-07-03 14:32:27'),
(857, 18, 1, '29855', 20, 0, 14, 2.5, 700, '2018-06-07', 1, 1, 0, 0, 0, 0, 0, 0, 0, 0, 0, 0, '2018-07-03 14:33:49', '2018-07-03 14:33:49'),
(858, 18, 1, '29862', 20, 0, 14, 2.5, 700, '2018-06-07', 1, 1, 0, 0, 0, 0, 0, 0, 0, 0, 0, 0, '2018-07-03 14:34:15', '2018-07-03 14:34:15'),
(859, 18, 1, '28325', 20, 0, 14, 2.5, 700, '2018-06-25', 1, 1, 0, 0, 0, 0, 0, 0, 0, 0, 0, 0, '2018-07-03 14:34:38', '2018-07-03 14:34:38'),
(860, 18, 1, '28327', 20, 0, 14, 2.5, 700, '2018-06-25', 1, 1, 0, 0, 0, 0, 0, 0, 0, 0, 0, 0, '2018-07-03 14:34:49', '2018-07-03 14:34:49'),
(861, 18, 1, '28330', 20, 0, 14, 2.5, 700, '2018-06-25', 1, 1, 0, 0, 0, 0, 0, 0, 0, 0, 0, 0, '2018-07-03 14:34:56', '2018-07-03 14:34:56'),
(862, 18, 1, '28335', 20, 0, 14, 2.5, 700, '2018-06-25', 1, 1, 0, 0, 0, 0, 0, 0, 0, 0, 0, 0, '2018-07-03 14:35:06', '2018-07-03 14:35:06'),
(863, 18, 1, '28336', 20, 0, 14, 2.5, 700, '2018-06-25', 1, 1, 0, 0, 0, 0, 0, 0, 0, 0, 0, 0, '2018-07-03 14:35:15', '2018-07-03 14:35:15'),
(864, 18, 1, '28338', 20, 0, 14, 2.5, 700, '2018-06-25', 1, 1, 0, 0, 0, 0, 0, 0, 0, 0, 0, 0, '2018-07-03 14:36:19', '2018-07-03 14:36:19'),
(865, 18, 1, '28340', 20, 0, 14, 2.5, 700, '2018-06-25', 1, 1, 0, 0, 0, 0, 0, 0, 0, 0, 0, 0, '2018-07-03 14:36:30', '2018-07-03 14:36:30'),
(866, 18, 1, '28342', 20, 0, 14, 2.5, 700, '2018-06-25', 1, 1, 0, 0, 0, 0, 0, 0, 0, 0, 0, 0, '2018-07-03 14:37:10', '2018-07-03 14:37:10'),
(867, 18, 1, '28344', 20, 0, 14, 2.5, 700, '2018-06-25', 1, 1, 0, 0, 0, 0, 0, 0, 0, 0, 0, 0, '2018-07-03 14:37:17', '2018-07-03 14:37:17'),
(868, 18, 1, '28347', 20, 0, 14, 2.5, 700, '2018-06-25', 1, 1, 0, 0, 0, 0, 0, 0, 0, 0, 0, 0, '2018-07-03 14:37:26', '2018-07-03 14:37:26'),
(869, 18, 1, '28377', 20, 0, 14, 2.5, 700, '2018-06-27', 1, 1, 0, 0, 0, 0, 0, 0, 0, 0, 0, 0, '2018-07-03 14:37:44', '2018-07-03 14:37:44'),
(870, 18, 1, '28386', 20, 0, 14, 2.5, 700, '2018-06-28', 1, 1, 0, 0, 0, 0, 0, 0, 0, 0, 0, 0, '2018-07-03 14:38:04', '2018-07-03 14:38:04'),
(871, 18, 1, '28381', 20, 0, 14, 2.5, 700, '2018-06-28', 1, 1, 0, 0, 0, 0, 0, 0, 0, 0, 0, 0, '2018-07-03 14:38:14', '2018-07-03 14:38:14'),
(872, 18, 1, '28383', 20, 0, 14, 2.5, 700, '2018-06-28', 1, 1, 0, 0, 0, 0, 0, 0, 0, 0, 0, 0, '2018-07-03 14:38:24', '2018-07-03 14:38:24'),
(873, 18, 1, '28392', 20, 0, 14, 2.5, 700, '2018-06-29', 1, 1, 0, 0, 0, 0, 0, 0, 0, 0, 0, 0, '2018-07-03 14:38:35', '2018-07-03 14:38:35'),
(874, 18, 1, '29852', 20, 0, 15, 2.5, 750, '2018-06-07', 3, 1, 0, 0, 0, 0, 0, 0, 0, 0, 0, 0, '2018-07-04 13:24:30', '2018-07-04 13:24:30'),
(875, 18, 1, '29854', 20, 0, 15, 2.5, 750, '2018-06-07', 3, 1, 0, 0, 0, 0, 0, 0, 0, 0, 0, 0, '2018-07-04 13:24:46', '2018-07-04 13:24:46'),
(876, 18, 1, '29861', 20, 0, 15, 2.5, 750, '2018-06-07', 3, 1, 0, 0, 0, 0, 0, 0, 0, 0, 0, 0, '2018-07-04 13:24:54', '2018-07-04 13:24:54'),
(877, 18, 1, '29859', 20, 0, 15, 2.5, 750, '2018-06-07', 3, 1, 0, 0, 0, 0, 0, 0, 0, 0, 0, 0, '2018-07-04 13:25:05', '2018-07-04 13:25:05'),
(878, 18, 1, '29887', 20, 0, 15, 2.5, 750, '2018-06-09', 3, 1, 0, 0, 0, 0, 0, 0, 0, 0, 0, 0, '2018-07-04 13:25:37', '2018-07-04 13:25:37'),
(879, 18, 1, '29885', 20, 0, 15, 2.5, 750, '2018-06-09', 3, 1, 0, 0, 0, 0, 0, 0, 0, 0, 0, 0, '2018-07-04 13:25:44', '2018-07-04 13:25:44'),
(880, 18, 1, '29880', 20, 0, 15, 2.5, 750, '2018-06-09', 3, 1, 0, 0, 0, 0, 0, 0, 0, 0, 0, 0, '2018-07-04 13:25:51', '2018-07-04 13:25:51'),
(881, 18, 1, '29878', 20, 0, 15, 2.5, 750, '2018-06-09', 3, 1, 0, 0, 0, 0, 0, 0, 0, 0, 0, 0, '2018-07-04 13:26:00', '2018-07-04 13:26:00'),
(882, 18, 1, '29875', 20, 0, 15, 2.5, 750, '2018-06-09', 3, 1, 0, 0, 0, 0, 0, 0, 0, 0, 0, 0, '2018-07-04 13:26:09', '2018-07-04 13:26:09'),
(883, 18, 1, '29955', 20, 0, 15, 2.5, 750, '2018-06-11', 3, 1, 0, 0, 0, 0, 0, 0, 0, 0, 0, 0, '2018-07-04 13:27:45', '2018-07-04 13:27:45'),
(884, 18, 1, '29952', 20, 0, 15, 2.5, 750, '2018-06-11', 3, 1, 0, 0, 0, 0, 0, 0, 0, 0, 0, 0, '2018-07-04 13:27:55', '2018-07-04 13:27:55'),
(885, 18, 1, '29899', 20, 0, 15, 2.5, 750, '2018-06-11', 3, 1, 0, 0, 0, 0, 0, 0, 0, 0, 0, 0, '2018-07-04 13:28:08', '2018-07-04 13:28:08'),
(886, 18, 1, '29895', 20, 0, 15, 2.5, 750, '2018-06-11', 3, 1, 0, 0, 0, 0, 0, 0, 0, 0, 0, 0, '2018-07-04 13:28:18', '2018-07-04 13:28:18'),
(887, 18, 1, '29982', 20, 0, 15, 2.5, 750, '2018-06-12', 3, 1, 0, 0, 0, 0, 0, 0, 0, 0, 0, 0, '2018-07-04 13:38:07', '2018-07-04 13:38:07'),
(888, 18, 1, '29980', 20, 0, 15, 2.5, 750, '2018-06-12', 3, 1, 0, 0, 0, 0, 0, 0, 0, 0, 0, 0, '2018-07-04 13:38:20', '2018-07-04 13:38:20'),
(889, 18, 1, '29977', 20, 0, 15, 2.5, 750, '2018-06-12', 3, 1, 0, 0, 0, 0, 0, 0, 0, 0, 0, 0, '2018-07-04 13:39:52', '2018-07-04 13:39:52'),
(890, 18, 1, '29974', 20, 0, 15, 2.5, 750, '2018-06-12', 3, 1, 0, 0, 0, 0, 0, 0, 0, 0, 0, 0, '2018-07-04 13:40:31', '2018-07-04 13:40:31'),
(891, 18, 1, '29971', 20, 0, 15, 2.5, 750, '2018-06-12', 3, 1, 0, 0, 0, 0, 0, 0, 0, 0, 0, 0, '2018-07-04 13:40:39', '2018-07-04 13:40:39'),
(892, 18, 1, '29965', 20, 0, 15, 2.5, 750, '2018-06-12', 3, 1, 0, 0, 0, 0, 0, 0, 0, 0, 0, 0, '2018-07-04 13:40:49', '2018-07-04 13:40:49'),
(893, 18, 1, '29962', 20, 0, 15, 2.5, 750, '2018-06-12', 3, 1, 0, 0, 0, 0, 0, 0, 0, 0, 0, 0, '2018-07-04 13:40:57', '2018-07-04 13:40:57'),
(894, 18, 1, '29968', 20, 0, 15, 2.5, 750, '2018-06-12', 3, 1, 0, 0, 0, 0, 0, 0, 0, 0, 0, 0, '2018-07-04 13:41:05', '2018-07-04 13:41:05'),
(895, 18, 1, '29958', 20, 0, 15, 2.5, 750, '2018-06-12', 3, 1, 0, 0, 0, 0, 0, 0, 0, 0, 0, 0, '2018-07-04 13:41:12', '2018-07-04 13:41:12'),
(896, 18, 1, '29986', 20, 0, 15, 2.5, 750, '2018-06-13', 3, 1, 0, 0, 0, 0, 0, 0, 0, 0, 0, 0, '2018-07-04 13:41:44', '2018-07-04 13:41:44'),
(897, 18, 1, '28205', 20, 0, 15, 2.5, 750, '2018-06-16', 3, 1, 0, 0, 0, 0, 0, 0, 0, 0, 0, 0, '2018-07-04 13:42:08', '2018-07-04 13:42:08'),
(898, 18, 1, '28202', 20, 0, 15, 2.5, 750, '2018-06-16', 3, 1, 0, 0, 0, 0, 0, 0, 0, 0, 0, 0, '2018-07-04 13:42:15', '2018-07-04 13:42:15'),
(899, 18, 1, '29999', 20, 0, 15, 2.5, 750, '2018-06-16', 3, 1, 0, 0, 0, 0, 0, 0, 0, 0, 0, 0, '2018-07-04 13:42:24', '2018-07-04 13:42:24'),
(900, 18, 1, '29996', 20, 0, 15, 2.5, 750, '2018-06-16', 3, 1, 0, 0, 0, 0, 0, 0, 0, 0, 0, 0, '2018-07-04 13:42:38', '2018-07-04 13:42:38'),
(901, 18, 1, '29992', 20, 0, 15, 2.5, 750, '2018-06-16', 3, 1, 0, 0, 0, 0, 0, 0, 0, 0, 0, 0, '2018-07-04 13:42:49', '2018-07-04 13:42:49'),
(902, 18, 1, '29990', 20, 0, 15, 2.5, 750, '2018-06-16', 3, 1, 0, 0, 0, 0, 0, 0, 0, 0, 0, 0, '2018-07-04 13:43:03', '2018-07-04 13:43:03'),
(903, 18, 1, '28154', 20, 0, 15, 2.5, 750, '2018-06-18', 3, 1, 0, 0, 0, 0, 0, 0, 0, 0, 0, 0, '2018-07-04 13:43:18', '2018-07-04 13:43:18'),
(904, 18, 1, '28230', 20, 0, 15, 2.5, 750, '2018-06-18', 3, 1, 0, 0, 0, 0, 0, 0, 0, 0, 0, 0, '2018-07-04 13:43:26', '2018-07-04 13:43:26'),
(905, 18, 1, '28233', 20, 0, 15, 2.5, 750, '2018-06-18', 3, 1, 0, 0, 0, 0, 0, 0, 0, 0, 0, 0, '2018-07-04 13:43:34', '2018-07-04 13:43:34'),
(906, 18, 1, '28236', 20, 0, 15, 2.5, 750, '2018-06-18', 3, 1, 0, 0, 0, 0, 0, 0, 0, 0, 0, 0, '2018-07-04 13:43:42', '2018-07-04 13:43:42'),
(907, 18, 1, '28237', 20, 0, 15, 2.5, 750, '2018-06-18', 3, 1, 0, 0, 0, 0, 0, 0, 0, 0, 0, 0, '2018-07-04 13:43:51', '2018-07-04 13:43:51'),
(908, 18, 1, '28240', 20, 0, 15, 2.5, 750, '2018-06-18', 3, 1, 0, 0, 0, 0, 0, 0, 0, 0, 0, 0, '2018-07-04 13:43:58', '2018-07-04 13:43:58'),
(909, 18, 1, '28242', 20, 0, 15, 2.5, 750, '2018-06-18', 3, 1, 0, 0, 0, 0, 0, 0, 0, 0, 0, 0, '2018-07-04 13:44:05', '2018-07-04 13:44:05'),
(910, 18, 1, '28245', 20, 0, 15, 2.5, 750, '2018-06-18', 3, 1, 0, 0, 0, 0, 0, 0, 0, 0, 0, 0, '2018-07-04 13:44:15', '2018-07-04 13:44:15'),
(911, 18, 1, '28152', 20, 0, 15, 2.5, 750, '2018-06-18', 3, 1, 0, 0, 0, 0, 0, 0, 0, 0, 0, 0, '2018-07-04 13:44:31', '2018-07-04 13:44:31'),
(912, 18, 1, '28162', 20, 0, 15, 2.5, 750, '2018-06-18', 3, 1, 0, 0, 0, 0, 0, 0, 0, 0, 0, 0, '2018-07-04 13:44:38', '2018-07-04 13:44:38'),
(913, 18, 1, '28156', 20, 0, 15, 2.5, 750, '2018-06-18', 3, 1, 0, 0, 0, 0, 0, 0, 0, 0, 0, 0, '2018-07-04 13:45:00', '2018-07-04 13:45:00'),
(914, 18, 1, '28158', 20, 0, 15, 2.5, 750, '2018-06-18', 3, 1, 0, 0, 0, 0, 0, 0, 0, 0, 0, 0, '2018-07-04 13:45:09', '2018-07-04 13:45:09'),
(915, 18, 1, '28248', 20, 0, 15, 2.5, 750, '2018-06-18', 3, 1, 0, 0, 0, 0, 0, 0, 0, 0, 0, 0, '2018-07-04 13:45:20', '2018-07-04 13:45:20'),
(916, 18, 1, '28258', 20, 0, 15, 2.5, 750, '2018-06-19', 3, 1, 0, 0, 0, 0, 0, 0, 0, 0, 0, 0, '2018-07-04 13:45:38', '2018-07-04 13:45:38'),
(917, 18, 1, '28256', 20, 0, 15, 2.5, 750, '2018-06-19', 3, 1, 0, 0, 0, 0, 0, 0, 0, 0, 0, 0, '2018-07-04 13:45:46', '2018-07-04 13:45:46'),
(918, 18, 1, '28253', 20, 0, 15, 2.5, 750, '2018-06-19', 3, 1, 0, 0, 0, 0, 0, 0, 0, 0, 0, 0, '2018-07-04 13:45:53', '2018-07-04 13:45:53'),
(919, 18, 1, '28251', 20, 0, 15, 2.5, 750, '2018-06-19', 3, 1, 0, 0, 0, 0, 0, 0, 0, 0, 0, 0, '2018-07-04 13:46:00', '2018-07-04 13:46:00'),
(920, 18, 1, '28189', 20, 0, 15, 2.5, 750, '2018-06-19', 3, 1, 0, 0, 0, 0, 0, 0, 0, 0, 0, 0, '2018-07-04 13:46:09', '2018-07-04 13:46:09'),
(921, 18, 1, '28186', 20, 0, 15, 2.5, 750, '2018-06-19', 3, 1, 0, 0, 0, 0, 0, 0, 0, 0, 0, 0, '2018-07-04 13:46:18', '2018-07-04 13:46:18'),
(922, 18, 1, '28183', 20, 0, 15, 2.5, 750, '2018-06-19', 3, 1, 0, 0, 0, 0, 0, 0, 0, 0, 0, 0, '2018-07-04 13:46:27', '2018-07-04 13:46:27'),
(923, 18, 1, '28182', 20, 0, 15, 2.5, 750, '2018-06-19', 3, 1, 0, 0, 0, 0, 0, 0, 0, 0, 0, 0, '2018-07-04 13:46:35', '2018-07-04 13:46:35'),
(924, 18, 1, '28179', 20, 0, 15, 2.5, 750, '2018-06-19', 3, 1, 0, 0, 0, 0, 0, 0, 0, 0, 0, 0, '2018-07-04 13:46:45', '2018-07-04 13:46:45'),
(925, 18, 1, '28176', 20, 0, 15, 2.5, 750, '2018-06-19', 3, 1, 0, 0, 0, 0, 0, 0, 0, 0, 0, 0, '2018-07-04 13:46:53', '2018-07-04 13:46:53'),
(926, 18, 1, '28167', 20, 0, 15, 2.5, 750, '2018-06-19', 3, 1, 0, 0, 0, 0, 0, 0, 0, 0, 0, 0, '2018-07-04 13:47:04', '2018-07-04 13:47:04'),
(927, 18, 1, '28164', 20, 0, 15, 2.5, 750, '2018-06-19', 3, 1, 0, 0, 0, 0, 0, 0, 0, 0, 0, 0, '2018-07-04 13:47:14', '2018-07-04 13:47:14'),
(928, 18, 1, '28173', 20, 0, 15, 2.5, 750, '2018-06-19', 3, 1, 0, 0, 0, 0, 0, 0, 0, 0, 0, 0, '2018-07-04 13:47:23', '2018-07-04 13:47:23'),
(929, 18, 1, '28170', 20, 0, 15, 2.5, 750, '2018-06-19', 3, 1, 0, 0, 0, 0, 0, 0, 0, 0, 0, 0, '2018-07-04 13:47:30', '2018-07-04 13:47:30'),
(930, 18, 1, '28275', 20, 0, 15, 2.5, 750, '2018-06-20', 3, 1, 0, 0, 0, 0, 0, 0, 0, 0, 0, 0, '2018-07-04 13:47:44', '2018-07-04 13:47:44'),
(931, 18, 1, '28273', 20, 0, 15, 2.5, 750, '2018-06-20', 3, 1, 0, 0, 0, 0, 0, 0, 0, 0, 0, 0, '2018-07-04 13:47:53', '2018-07-04 13:47:53'),
(932, 18, 1, '28271', 20, 0, 15, 2.5, 750, '2018-06-20', 3, 1, 0, 0, 0, 0, 0, 0, 0, 0, 0, 0, '2018-07-04 13:48:00', '2018-07-04 13:48:00'),
(933, 18, 1, '28269', 20, 0, 15, 2.5, 750, '2018-06-20', 3, 1, 0, 0, 0, 0, 0, 0, 0, 0, 0, 0, '2018-07-04 13:48:06', '2018-07-04 13:48:06'),
(934, 18, 1, '28265', 20, 0, 15, 2.5, 750, '2018-06-20', 3, 1, 0, 0, 0, 0, 0, 0, 0, 0, 0, 0, '2018-07-04 13:48:14', '2018-07-04 13:48:14'),
(935, 18, 1, '28260', 20, 0, 15, 2.5, 750, '2018-06-20', 3, 1, 0, 0, 0, 0, 0, 0, 0, 0, 0, 0, '2018-07-04 13:48:21', '2018-07-04 13:48:21'),
(936, 18, 1, '28263', 20, 0, 15, 2.5, 750, '2018-06-20', 3, 1, 0, 0, 0, 0, 0, 0, 0, 0, 0, 0, '2018-07-04 13:48:28', '2018-07-04 13:48:28'),
(937, 18, 1, '28267', 20, 0, 15, 2.5, 750, '2018-06-20', 3, 1, 0, 0, 0, 0, 0, 0, 0, 0, 0, 0, '2018-07-04 13:48:35', '2018-07-04 13:48:35'),
(938, 18, 1, '28279', 20, 0, 15, 2.5, 750, '2018-06-22', 3, 1, 0, 0, 0, 0, 0, 0, 0, 0, 0, 0, '2018-07-04 13:48:47', '2018-07-04 13:48:47'),
(939, 18, 1, '28285', 20, 0, 15, 2.5, 750, '2018-06-22', 3, 1, 0, 0, 0, 0, 0, 0, 0, 0, 0, 0, '2018-07-04 13:48:56', '2018-07-04 13:48:56'),
(940, 18, 1, '28282', 20, 0, 15, 2.5, 750, '2018-06-22', 3, 1, 0, 0, 0, 0, 0, 0, 0, 0, 0, 0, '2018-07-04 13:49:06', '2018-07-04 13:49:06'),
(941, 18, 1, '28287', 20, 0, 15, 2.5, 750, '2018-06-22', 3, 1, 0, 0, 0, 0, 0, 0, 0, 0, 0, 0, '2018-07-04 13:49:13', '2018-07-04 13:49:13'),
(942, 18, 1, '28296', 20, 0, 15, 2.5, 750, '2018-06-22', 3, 1, 0, 0, 0, 0, 0, 0, 0, 0, 0, 0, '2018-07-04 13:49:20', '2018-07-04 13:49:20'),
(943, 18, 1, '28290', 20, 0, 15, 2.5, 750, '2018-06-22', 3, 1, 0, 0, 0, 0, 0, 0, 0, 0, 0, 0, '2018-07-04 13:49:29', '2018-07-04 13:49:29'),
(944, 18, 1, '28293', 20, 0, 15, 2.5, 750, '2018-06-22', 3, 1, 0, 0, 0, 0, 0, 0, 0, 0, 0, 0, '2018-07-04 13:49:39', '2018-07-04 13:49:39'),
(945, 18, 1, '28299', 20, 0, 15, 2.5, 750, '2018-06-22', 3, 1, 0, 0, 0, 0, 0, 0, 0, 0, 0, 0, '2018-07-04 13:49:51', '2018-07-04 13:49:51'),
(946, 18, 1, '28302', 20, 0, 15, 2.5, 750, '2018-06-22', 3, 1, 0, 0, 0, 0, 0, 0, 0, 0, 0, 0, '2018-07-04 13:50:00', '2018-07-04 13:50:00'),
(947, 18, 1, '28316', 20, 0, 15, 2.5, 750, '2018-06-23', 3, 1, 0, 0, 0, 0, 0, 0, 0, 0, 0, 0, '2018-07-04 13:50:37', '2018-07-04 13:50:37'),
(948, 18, 1, '28308', 20, 0, 15, 2.5, 750, '2018-06-23', 3, 1, 0, 0, 0, 0, 0, 0, 0, 0, 0, 0, '2018-07-04 13:50:44', '2018-07-04 13:50:44'),
(949, 18, 1, '28309', 20, 0, 15, 2.5, 750, '2018-06-23', 3, 1, 0, 0, 0, 0, 0, 0, 0, 0, 0, 0, '2018-07-04 13:50:51', '2018-07-04 13:50:51'),
(950, 18, 1, '28305', 20, 0, 15, 2.5, 750, '2018-06-23', 3, 1, 0, 0, 0, 0, 0, 0, 0, 0, 0, 0, '2018-07-04 13:50:58', '2018-07-04 13:50:58'),
(951, 18, 1, '28312', 20, 0, 15, 2.5, 750, '2018-06-23', 3, 1, 0, 0, 0, 0, 0, 0, 0, 0, 0, 0, '2018-07-04 13:51:12', '2018-07-04 13:51:12'),
(952, 18, 1, '28333', 20, 0, 15, 2.5, 750, '2018-06-25', 3, 1, 0, 0, 0, 0, 0, 0, 0, 0, 0, 0, '2018-07-04 13:51:25', '2018-07-04 13:51:25'),
(953, 18, 1, '28332', 20, 0, 15, 2.5, 750, '2018-06-25', 3, 1, 0, 0, 0, 0, 0, 0, 0, 0, 0, 0, '2018-07-04 13:51:40', '2018-07-04 13:51:40'),
(954, 18, 1, '28326', 20, 0, 15, 2.5, 750, '2018-06-25', 3, 1, 0, 0, 0, 0, 0, 0, 0, 0, 0, 0, '2018-07-04 13:51:48', '2018-07-04 13:51:48'),
(955, 18, 1, '28329', 20, 0, 15, 2.5, 750, '2018-06-25', 3, 1, 0, 0, 0, 0, 0, 0, 0, 0, 0, 0, '2018-07-04 13:51:55', '2018-07-04 13:51:55'),
(956, 18, 1, '28317', 20, 0, 15, 2.5, 750, '2018-06-25', 3, 1, 0, 0, 0, 0, 0, 0, 0, 0, 0, 0, '2018-07-04 13:52:03', '2018-07-04 13:52:03'),
(957, 18, 1, '28352', 20, 0, 15, 2.5, 750, '2018-06-25', 3, 1, 0, 0, 0, 0, 0, 0, 0, 0, 0, 0, '2018-07-04 13:52:13', '2018-07-04 13:52:13'),
(958, 18, 1, '28350', 20, 0, 15, 2.5, 750, '2018-06-25', 3, 1, 0, 0, 0, 0, 0, 0, 0, 0, 0, 0, '2018-07-04 13:52:22', '2018-07-04 13:52:22'),
(959, 18, 1, '28348', 20, 0, 15, 2.5, 750, '2018-06-25', 3, 1, 0, 0, 0, 0, 0, 0, 0, 0, 0, 0, '2018-07-04 13:52:31', '2018-07-04 13:52:31'),
(960, 18, 1, '28345', 20, 0, 15, 2.5, 750, '2018-06-25', 3, 1, 0, 0, 0, 0, 0, 0, 0, 0, 0, 0, '2018-07-04 13:52:38', '2018-07-04 13:52:38'),
(961, 18, 1, '28354', 20, 0, 15, 2.5, 750, '2018-06-26', 3, 1, 0, 0, 0, 0, 0, 0, 0, 0, 0, 0, '2018-07-04 13:53:02', '2018-07-04 13:53:02'),
(962, 18, 1, '28362', 20, 0, 15, 2.5, 750, '2018-06-26', 3, 1, 0, 0, 0, 0, 0, 0, 0, 0, 0, 0, '2018-07-04 13:53:10', '2018-07-04 13:53:10'),
(963, 18, 1, '28370', 20, 0, 15, 2.5, 750, '2018-06-26', 3, 1, 0, 0, 0, 0, 0, 0, 0, 0, 0, 0, '2018-07-04 13:53:17', '2018-07-04 13:53:17'),
(964, 18, 1, '28373', 20, 0, 15, 2.5, 750, '2018-06-26', 3, 1, 0, 0, 0, 0, 0, 0, 0, 0, 0, 0, '2018-07-04 13:53:25', '2018-07-04 13:53:25'),
(965, 18, 1, '28393', 20, 0, 15, 2.5, 750, '2018-06-28', 3, 1, 0, 0, 0, 0, 0, 0, 0, 0, 0, 0, '2018-07-04 13:53:36', '2018-07-04 13:53:36'),
(966, 18, 1, '28389', 20, 0, 15, 2.5, 750, '2018-06-28', 3, 1, 0, 0, 0, 0, 0, 0, 0, 0, 0, 0, '2018-07-04 13:53:43', '2018-07-04 13:53:43'),
(967, 18, 1, '28382', 20, 0, 15, 2.5, 750, '2018-06-28', 3, 1, 0, 0, 0, 0, 0, 0, 0, 0, 0, 0, '2018-07-04 13:53:50', '2018-07-04 13:53:50'),
(968, 18, 1, '28376', 20, 0, 15, 2.5, 750, '2018-06-28', 3, 1, 0, 0, 0, 0, 0, 0, 0, 0, 0, 0, '2018-07-04 13:53:59', '2018-07-04 13:53:59'),
(969, 18, 1, '28380', 20, 0, 15, 2.5, 750, '2018-06-28', 3, 1, 0, 0, 0, 0, 0, 0, 0, 0, 0, 0, '2018-07-04 13:54:09', '2018-07-04 13:54:09'),
(970, 18, 1, '28397', 20, 0, 15, 2.5, 750, '2018-06-28', 3, 1, 0, 0, 0, 0, 0, 0, 0, 0, 0, 0, '2018-07-04 13:54:18', '2018-07-04 13:54:18');

-- --------------------------------------------------------

--
-- Table structure for table `destination`
--

CREATE TABLE `destination` (
  `id` int(11) NOT NULL,
  `from` varchar(500) NOT NULL,
  `to` varchar(500) NOT NULL,
  `date_created` datetime NOT NULL,
  `date_modified` datetime NOT NULL
) ENGINE=InnoDB DEFAULT CHARSET=latin1;

--
-- Dumping data for table `destination`
--

INSERT INTO `destination` (`id`, `from`, `to`, `date_created`, `date_modified`) VALUES
(2, 'Warehouse', 'Pier', '2017-12-30 12:16:31', '2017-12-30 12:16:31'),
(3, 'Warehouse', 'Jetty', '2017-12-30 12:16:47', '2017-12-30 12:16:47'),
(5, 'Packhouse', 'Pier', '2017-12-30 12:20:49', '2017-12-30 12:20:49'),
(6, 'Packhouse', 'Jetty', '2017-12-31 02:44:02', '2017-12-31 02:44:02'),
(7, 'Packhouse', 'Warehouse', '2017-12-31 02:44:35', '2017-12-31 02:44:35'),
(8, 'Line 2', 'Jetty', '2017-12-31 04:56:16', '2017-12-31 04:56:16'),
(9, 'Line 2', 'Pier', '2017-12-31 04:56:32', '2017-12-31 04:56:32'),
(10, 'Warehouse', 'Beach pad-3', '2018-01-01 14:15:51', '2018-01-01 17:22:08'),
(11, 'Packhouse', 'Beach pad-3', '2018-01-01 14:16:13', '2018-01-01 17:22:29'),
(12, 'Jetty', 'Pier', '2018-01-01 14:16:31', '2018-01-01 17:22:45'),
(13, '', 'AFR', '2018-01-02 04:20:40', '2018-01-02 04:20:40');

-- --------------------------------------------------------

--
-- Table structure for table `load_area`
--

CREATE TABLE `load_area` (
  `id` int(11) NOT NULL,
  `name` varchar(500) NOT NULL,
  `date_created` int(11) NOT NULL,
  `date_modified` int(11) NOT NULL
) ENGINE=InnoDB DEFAULT CHARSET=latin1;

--
-- Dumping data for table `load_area`
--

INSERT INTO `load_area` (`id`, `name`, `date_created`, `date_modified`) VALUES
(2, 'PH TONNER AREA', 2017, 2017),
(3, 'LINE 2 TONNER AREA', 2017, 2017),
(5, 'BEACH-PAD 3', 2017, 2017);

-- --------------------------------------------------------

--
-- Table structure for table `material`
--

CREATE TABLE `material` (
  `id` int(11) NOT NULL,
  `name` varchar(1000) NOT NULL,
  `description` varchar(1000) NOT NULL,
  `date_created` datetime NOT NULL,
  `date_modified` datetime NOT NULL
) ENGINE=InnoDB DEFAULT CHARSET=latin1;

--
-- Dumping data for table `material`
--

INSERT INTO `material` (`id`, `name`, `description`, `date_created`, `date_modified`) VALUES
(2, 'CLINKER', '', '2017-12-30 14:21:24', '2017-12-30 14:21:24'),
(3, 'INDO COAL', '', '2017-12-30 13:41:38', '2017-12-30 13:41:38'),
(4, 'Waste', 'mga waste', '2018-01-02 04:20:20', '2018-01-02 04:20:20'),
(5, 'Waste Rubber', '', '2018-01-02 04:23:36', '2018-01-02 04:23:36'),
(6, 'Empty Bag', '', '2018-01-02 04:23:55', '2018-01-02 04:23:55'),
(7, 'Foam/Laminate', '', '2018-01-02 04:24:29', '2018-01-02 04:24:29'),
(8, 'No Material', '', '2018-02-07 09:08:38', '2018-02-07 09:08:38');

-- --------------------------------------------------------

--
-- Table structure for table `rate`
--

CREATE TABLE `rate` (
  `id` int(11) NOT NULL,
  `amount` double NOT NULL,
  `date_created` datetime NOT NULL,
  `date_modified` datetime NOT NULL
) ENGINE=InnoDB DEFAULT CHARSET=latin1;

--
-- Dumping data for table `rate`
--

INSERT INTO `rate` (`id`, `amount`, `date_created`, `date_modified`) VALUES
(1, 0.29, '2017-12-30 15:07:05', '2017-12-30 15:07:05'),
(2, 0.52, '2017-12-30 15:07:21', '2017-12-30 15:07:21'),
(5, 0.8, '2017-12-30 14:23:06', '2017-12-30 14:23:06'),
(6, 500, '2018-01-02 04:22:52', '2018-01-02 04:22:52');

-- --------------------------------------------------------

--
-- Table structure for table `shift`
--

CREATE TABLE `shift` (
  `id` int(11) NOT NULL,
  `name` varchar(100) NOT NULL,
  `date_created` datetime NOT NULL,
  `date_modified` datetime NOT NULL
) ENGINE=InnoDB DEFAULT CHARSET=latin1;

--
-- Dumping data for table `shift`
--

INSERT INTO `shift` (`id`, `name`, `date_created`, `date_modified`) VALUES
(1, '1st', '2017-12-30 12:26:50', '2017-12-30 12:26:50'),
(2, '2nd', '2017-12-30 12:28:16', '2017-12-30 12:30:28'),
(3, '3rd', '2017-12-30 12:28:57', '2017-12-30 12:28:57');

-- --------------------------------------------------------

--
-- Table structure for table `source`
--

CREATE TABLE `source` (
  `id` int(11) NOT NULL,
  `name` varchar(1000) NOT NULL,
  `date_created` datetime NOT NULL,
  `date_modified` datetime NOT NULL
) ENGINE=InnoDB DEFAULT CHARSET=latin1;

-- --------------------------------------------------------

--
-- Table structure for table `truck`
--

CREATE TABLE `truck` (
  `id` int(11) NOT NULL,
  `name` varchar(10) NOT NULL,
  `code` varchar(10) NOT NULL,
  `capacity` double NOT NULL,
  `date_created` datetime NOT NULL,
  `date_modified` datetime NOT NULL
) ENGINE=InnoDB DEFAULT CHARSET=latin1;

--
-- Dumping data for table `truck`
--

INSERT INTO `truck` (`id`, `name`, `code`, `capacity`, `date_created`, `date_modified`) VALUES
(1, 'YFF 982', 'MRDT 01', 14, '2017-12-17 00:00:00', '2017-12-17 00:00:00'),
(2, 'UKN 889', 'MRDT 02', 14, '2017-12-17 00:00:00', '2017-12-17 00:00:00'),
(3, 'RFH 353', 'MRDT 03', 15, '2017-12-17 00:00:00', '2017-12-17 00:00:00');

-- --------------------------------------------------------

--
-- Table structure for table `users`
--

CREATE TABLE `users` (
  `id` int(11) NOT NULL,
  `type` int(11) NOT NULL,
  `username` varchar(100) NOT NULL,
  `password` varchar(100) NOT NULL,
  `date_created` datetime NOT NULL,
  `date_modified` datetime NOT NULL
) ENGINE=InnoDB DEFAULT CHARSET=latin1;

--
-- Dumping data for table `users`
--

INSERT INTO `users` (`id`, `type`, `username`, `password`, `date_created`, `date_modified`) VALUES
(1, 1, 'mcb', 'password', '2017-12-25 00:00:00', '2017-12-25 00:00:00');

-- --------------------------------------------------------

--
-- Table structure for table `vessel`
--

CREATE TABLE `vessel` (
  `id` int(11) NOT NULL,
  `name` varchar(1000) NOT NULL,
  `date_created` int(11) NOT NULL,
  `date_modified` int(11) NOT NULL
) ENGINE=InnoDB DEFAULT CHARSET=latin1;

--
-- Dumping data for table `vessel`
--

INSERT INTO `vessel` (`id`, `name`, `date_created`, `date_modified`) VALUES
(3, 'test', 2017, 2017);

--
-- Indexes for dumped tables
--

--
-- Indexes for table `billing`
--
ALTER TABLE `billing`
  ADD PRIMARY KEY (`id`),
  ADD UNIQUE KEY `ref_no` (`ref_no`);

--
-- Indexes for table `company`
--
ALTER TABLE `company`
  ADD PRIMARY KEY (`id`);

--
-- Indexes for table `deductions`
--
ALTER TABLE `deductions`
  ADD PRIMARY KEY (`id`);

--
-- Indexes for table `deliveries`
--
ALTER TABLE `deliveries`
  ADD PRIMARY KEY (`id`);

--
-- Indexes for table `destination`
--
ALTER TABLE `destination`
  ADD PRIMARY KEY (`id`);

--
-- Indexes for table `load_area`
--
ALTER TABLE `load_area`
  ADD PRIMARY KEY (`id`);

--
-- Indexes for table `material`
--
ALTER TABLE `material`
  ADD PRIMARY KEY (`id`);

--
-- Indexes for table `rate`
--
ALTER TABLE `rate`
  ADD PRIMARY KEY (`id`);

--
-- Indexes for table `shift`
--
ALTER TABLE `shift`
  ADD PRIMARY KEY (`id`);

--
-- Indexes for table `source`
--
ALTER TABLE `source`
  ADD PRIMARY KEY (`id`);

--
-- Indexes for table `truck`
--
ALTER TABLE `truck`
  ADD PRIMARY KEY (`id`);

--
-- Indexes for table `users`
--
ALTER TABLE `users`
  ADD PRIMARY KEY (`id`);

--
-- Indexes for table `vessel`
--
ALTER TABLE `vessel`
  ADD PRIMARY KEY (`id`);

--
-- AUTO_INCREMENT for dumped tables
--

--
-- AUTO_INCREMENT for table `billing`
--
ALTER TABLE `billing`
  MODIFY `id` int(11) NOT NULL AUTO_INCREMENT, AUTO_INCREMENT=19;
--
-- AUTO_INCREMENT for table `company`
--
ALTER TABLE `company`
  MODIFY `id` int(11) NOT NULL AUTO_INCREMENT, AUTO_INCREMENT=10;
--
-- AUTO_INCREMENT for table `deductions`
--
ALTER TABLE `deductions`
  MODIFY `id` int(11) NOT NULL AUTO_INCREMENT, AUTO_INCREMENT=7;
--
-- AUTO_INCREMENT for table `deliveries`
--
ALTER TABLE `deliveries`
  MODIFY `id` int(11) NOT NULL AUTO_INCREMENT, AUTO_INCREMENT=971;
--
-- AUTO_INCREMENT for table `destination`
--
ALTER TABLE `destination`
  MODIFY `id` int(11) NOT NULL AUTO_INCREMENT, AUTO_INCREMENT=14;
--
-- AUTO_INCREMENT for table `load_area`
--
ALTER TABLE `load_area`
  MODIFY `id` int(11) NOT NULL AUTO_INCREMENT, AUTO_INCREMENT=6;
--
-- AUTO_INCREMENT for table `material`
--
ALTER TABLE `material`
  MODIFY `id` int(11) NOT NULL AUTO_INCREMENT, AUTO_INCREMENT=9;
--
-- AUTO_INCREMENT for table `rate`
--
ALTER TABLE `rate`
  MODIFY `id` int(11) NOT NULL AUTO_INCREMENT, AUTO_INCREMENT=7;
--
-- AUTO_INCREMENT for table `shift`
--
ALTER TABLE `shift`
  MODIFY `id` int(11) NOT NULL AUTO_INCREMENT, AUTO_INCREMENT=4;
--
-- AUTO_INCREMENT for table `source`
--
ALTER TABLE `source`
  MODIFY `id` int(11) NOT NULL AUTO_INCREMENT;
--
-- AUTO_INCREMENT for table `truck`
--
ALTER TABLE `truck`
  MODIFY `id` int(11) NOT NULL AUTO_INCREMENT, AUTO_INCREMENT=4;
--
-- AUTO_INCREMENT for table `users`
--
ALTER TABLE `users`
  MODIFY `id` int(11) NOT NULL AUTO_INCREMENT, AUTO_INCREMENT=2;
--
-- AUTO_INCREMENT for table `vessel`
--
ALTER TABLE `vessel`
  MODIFY `id` int(11) NOT NULL AUTO_INCREMENT, AUTO_INCREMENT=4;
/*!40101 SET CHARACTER_SET_CLIENT=@OLD_CHARACTER_SET_CLIENT */;
/*!40101 SET CHARACTER_SET_RESULTS=@OLD_CHARACTER_SET_RESULTS */;
/*!40101 SET COLLATION_CONNECTION=@OLD_COLLATION_CONNECTION */;
